{"stats":{"minecraft:used":{"minecraft:beef":1,"minecraft:crafting_table":1},"minecraft:custom":{"minecraft:time_since_rest":20816,"minecraft:sprint_one_cm":26505,"minecraft:play_time":20816,"minecraft:damage_taken":110,"minecraft:walk_one_cm":18599,"minecraft:sneak_time":42,"minecraft:mob_kills":1,"minecraft:jump":318,"minecraft:damage_dealt":145,"minecraft:leave_game":3,"minecraft:time_since_death":20816,"minecraft:total_world_time":20816,"minecraft:interact_with_crafting_table":1,"minecraft:fall_one_cm":11358,"minecraft:fly_one_cm":80964},"minecraft:killed":{"minecraft:cow":1},"minecraft:crafted":{"minecraft:dark_oak_planks":12,"minecraft:crafting_table":1,"minecraft:stick":4,"minecraft:wooden_pickaxe":1},"minecraft:mined":{"minecraft:grass":2,"minecraft:dark_oak_leaves":6,"minecraft:dark_oak_log":3},"minecraft:picked_up":{"minecraft:beef":2,"minecraft:dark_oak_log":3}},"DataVersion":3465}