{"stats":{"minecraft:crafted":{"minecraft:cooked_beef":1,"minecraft:cooked_porkchop":1,"minecraft:dark_oak_boat":2,"minecraft:crafting_table":2,"minecraft:spruce_planks":28,"minecraft:wooden_pickaxe":1,"minecraft:furnace":1,"minecraft:stone_axe":1,"minecraft:air":0,"minecraft:stick":12,"minecraft:stone_pickaxe":1,"minecraft:stone_sword":3,"minecraft:dark_oak_planks":68},"minecraft:picked_up":{"minecraft:crafting_table":2,"minecraft:feather":16,"minecraft:dark_oak_boat":4,"minecraft:bone":21,"minecraft:wheat_seeds":4,"minecraft:spruce_planks":1,"minecraft:beef":2,"minecraft:coal_block":7,"minecraft:dark_oak_stairs":10,"minecraft:furnace":1,"minecraft:dark_oak_slab":4,"minecraft:black_terracotta":24,"minecraft:sweet_berries":56,"minecraft:oak_pressure_plate":1,"minecraft:spruce_stairs":2,"minecraft:porkchop":1,"minecraft:dark_oak_log":17,"minecraft:barrel":1,"minecraft:dark_oak_planks":5,"minecraft:rotten_flesh":1,"minecraft:black_concrete":4,"minecraft:mutton":1,"minecraft:coal":9,"minecraft:white_wool":1,"minecraft:cobblestone":36},"minecraft:killed_by":{"minecraft:skeleton":3},"minecraft:dropped":{"minecraft:recovery_compass":4,"minecraft:written_book":2},"minecraft:killed":{"minecraft:pig":1,"minecraft:sheep":1,"minecraft:skeleton":17,"minecraft:zombie":1,"minecraft:drowned":1,"minecraft:cow":1},"minecraft:mined":{"minecraft:dark_oak_planks":5,"minecraft:spruce_planks":1,"minecraft:dark_oak_leaves":6,"minecraft:black_terracotta":25,"minecraft:dark_oak_log":16,"minecraft:crafting_table":2,"minecraft:coal_block":7,"minecraft:oak_pressure_plate":1,"minecraft:cobblestone":2,"minecraft:oak_wall_sign":1,"minecraft:spawner":4,"minecraft:large_fern":5,"minecraft:spruce_stairs":3,"minecraft:tall_seagrass":1,"minecraft:dark_oak_slab":4,"minecraft:furnace":1,"minecraft:fire":13,"minecraft:barrel":1,"minecraft:sweet_berry_bush":22,"minecraft:black_concrete":4,"minecraft:dark_oak_stairs":10,"minecraft:grass":23,"minecraft:coal_ore":5,"minecraft:stone":34,"minecraft:fern":7},"minecraft:used":{"minecraft:dark_oak_stairs":6,"minecraft:stone_sword":313,"minecraft:flint_and_steel":12,"minecraft:stone_pickaxe":61,"minecraft:spruce_planks":14,"minecraft:wooden_pickaxe":21,"minecraft:iron_sword":60,"minecraft:crafting_table":3,"minecraft:spruce_stairs":2,"minecraft:stone_axe":87,"minecraft:cobblestone":5,"minecraft:beef":1,"minecraft:dark_oak_boat":4,"minecraft:sweet_berries":9,"minecraft:furnace":1,"minecraft:cooked_porkchop":1,"minecraft:cooked_beef":1},"minecraft:broken":{"minecraft:stone_axe":1,"minecraft:stone_sword":2},"minecraft:custom":{"minecraft:interact_with_furnace":3,"minecraft:mob_kills":22,"minecraft:interact_with_crafting_table":7,"minecraft:open_barrel":6,"minecraft:leave_game":3,"minecraft:time_since_death":19878,"minecraft:time_since_rest":19898,"minecraft:sprint_one_cm":77173,"minecraft:damage_taken":6254,"minecraft:walk_one_cm":73107,"minecraft:drop":6,"minecraft:damage_dealt":15437,"minecraft:swim_one_cm":90288,"minecraft:fly_one_cm":138843,"minecraft:open_chest":2,"minecraft:crouch_one_cm":10223,"minecraft:play_time":74756,"minecraft:deaths":5,"minecraft:sneak_time":6875,"minecraft:walk_under_water_one_cm":14222,"minecraft:boat_one_cm":259155,"minecraft:jump":808,"minecraft:walk_on_water_one_cm":8780,"minecraft:total_world_time":74756,"minecraft:fall_one_cm":18681}},"DataVersion":3465}