{"stats":{"minecraft:used":{"minecraft:stone_pickaxe":19,"minecraft:wooden_pickaxe":21,"minecraft:stone_axe":7,"minecraft:beef":1,"minecraft:crafting_table":2,"minecraft:furnace":1,"minecraft:cooked_porkchop":1,"minecraft:cooked_beef":1},"minecraft:dropped":{"minecraft:recovery_compass":3},"minecraft:custom":{"minecraft:time_since_rest":928,"minecraft:interact_with_furnace":3,"minecraft:sprint_one_cm":39860,"minecraft:damage_taken":3642,"minecraft:walk_one_cm":29140,"minecraft:mob_kills":3,"minecraft:drop":3,"minecraft:damage_dealt":756,"minecraft:interact_with_crafting_table":3,"minecraft:swim_one_cm":48319,"minecraft:fly_one_cm":100328,"minecraft:crouch_one_cm":22,"minecraft:play_time":32774,"minecraft:deaths":3,"minecraft:sneak_time":139,"minecraft:walk_under_water_one_cm":2036,"minecraft:jump":427,"minecraft:leave_game":3,"minecraft:time_since_death":893,"minecraft:walk_on_water_one_cm":4602,"minecraft:total_world_time":32774,"minecraft:fall_one_cm":13771},"minecraft:killed_by":{"minecraft:skeleton":2},"minecraft:killed":{"minecraft:pig":1,"minecraft:drowned":1,"minecraft:cow":1},"minecraft:crafted":{"minecraft:cooked_beef":1,"minecraft:cooked_porkchop":1,"minecraft:crafting_table":1,"minecraft:stick":8,"minecraft:wooden_pickaxe":1,"minecraft:stone_pickaxe":1,"minecraft:furnace":1,"minecraft:dark_oak_planks":12,"minecraft:stone_axe":1,"minecraft:air":0},"minecraft:mined":{"minecraft:furnace":1,"minecraft:dark_oak_leaves":6,"minecraft:dark_oak_log":3,"minecraft:crafting_table":1,"minecraft:grass":2,"minecraft:coal_ore":5,"minecraft:stone":34},"minecraft:picked_up":{"minecraft:crafting_table":1,"minecraft:porkchop":1,"minecraft:dark_oak_log":3,"minecraft:beef":2,"minecraft:coal":9,"minecraft:cobblestone":34,"minecraft:furnace":1}},"DataVersion":3465}