{"stats":{"minecraft:used":{"minecraft:stone_sword":315,"minecraft:flint_and_steel":12,"minecraft:spruce_slab":9,"minecraft:chest":8,"minecraft:decorated_pot":2,"minecraft:spruce_planks":14,"minecraft:shield":26,"minecraft:iron_sword":114,"minecraft:bell":1,"minecraft:torch":16,"minecraft:dirt":351,"minecraft:spruce_stairs":2,"minecraft:jungle_trapdoor":4,"minecraft:golden_shovel":524,"minecraft:dark_oak_planks":4,"minecraft:iron_axe":1194,"minecraft:jungle_log":4,"minecraft:dark_oak_slab":10,"minecraft:barrel":1,"minecraft:stone_brick_stairs":1,"minecraft:stone_bricks":4,"minecraft:tripwire_hook":2,"minecraft:bow":8,"minecraft:dark_oak_boat":7,"minecraft:beef":1,"minecraft:sweet_berries":21,"minecraft:furnace":2,"minecraft:minecart":7,"minecraft:potato":4,"minecraft:cooked_beef":1,"minecraft:dark_oak_stairs":6,"minecraft:water_bucket":40,"minecraft:stone_pickaxe":131,"minecraft:baked_potato":16,"minecraft:wooden_pickaxe":21,"minecraft:sugar_cane":6,"minecraft:fletching_table":11,"minecraft:cookie":24,"minecraft:rail":54,"minecraft:oak_slab":4,"minecraft:crafting_table":8,"minecraft:blast_furnace":35,"minecraft:white_bed":20,"minecraft:shears":6,"minecraft:dark_oak_door":2,"minecraft:lever":1,"minecraft:bread":9,"minecraft:string":10,"minecraft:lectern":26,"minecraft:gravel":48,"minecraft:stone_axe":87,"minecraft:cobblestone":51,"minecraft:cooked_porkchop":1,"minecraft:bucket":41,"minecraft:golden_pickaxe":424,"minecraft:cobweb":2},"minecraft:dropped":{"minecraft:mossy_cobblestone":1,"minecraft:stick":8,"minecraft:jungle_sapling":4,"minecraft:paper":1,"minecraft:rotten_flesh":15,"minecraft:recovery_compass":4,"minecraft:written_book":3},"minecraft:custom":{"minecraft:mob_kills":66,"minecraft:animals_bred":1,"minecraft:interact_with_crafting_table":37,"minecraft:open_barrel":8,"minecraft:bell_ring":27,"minecraft:leave_game":3,"minecraft:time_since_death":93870,"minecraft:climb_one_cm":29952,"minecraft:sprint_one_cm":602382,"minecraft:walk_one_cm":421359,"minecraft:damage_blocked_by_shield":1072,"minecraft:drop":13,"minecraft:talked_to_villager":131,"minecraft:play_time":320711,"minecraft:deaths":6,"minecraft:sneak_time":14484,"minecraft:walk_under_water_one_cm":27781,"minecraft:boat_one_cm":323453,"minecraft:jump":3227,"minecraft:interact_with_blast_furnace":7,"minecraft:walk_on_water_one_cm":27428,"minecraft:total_world_time":320711,"minecraft:interact_with_furnace":17,"minecraft:traded_with_villager":230,"minecraft:sleep_in_bed":3,"minecraft:time_since_rest":93890,"minecraft:damage_taken":8045,"minecraft:damage_dealt":31621,"minecraft:fly_one_cm":407765,"minecraft:swim_one_cm":149360,"minecraft:open_chest":62,"minecraft:crouch_one_cm":22830,"minecraft:fall_one_cm":77300},"minecraft:killed_by":{"minecraft:iron_golem":1,"minecraft:skeleton":3},"minecraft:killed":{"minecraft:spider":2,"minecraft:skeleton":21,"minecraft:silverfish":1,"minecraft:drowned":1,"minecraft:pig":1,"minecraft:iron_golem":1,"minecraft:creeper":1,"minecraft:sheep":1,"minecraft:zombie":30,"minecraft:villager":4,"minecraft:cow":1},"minecraft:crafted":{"minecraft:smooth_stone":3,"minecraft:oak_planks":4,"minecraft:tripwire_hook":2,"minecraft:dark_oak_boat":2,"minecraft:furnace":2,"minecraft:blast_furnace":1,"minecraft:stone":3,"minecraft:lever":1,"minecraft:dark_oak_door":3,"minecraft:iron_boots":12,"minecraft:bow":1,"minecraft:iron_axe":6,"minecraft:spruce_slab":6,"minecraft:stone_pickaxe":1,"minecraft:chest":2,"minecraft:rail":32,"minecraft:dark_oak_planks":68,"minecraft:minecart":1,"minecraft:cooked_beef":1,"minecraft:oak_slab":6,"minecraft:arrow":192,"minecraft:emerald":189,"minecraft:cooked_porkchop":1,"minecraft:crafting_table":4,"minecraft:spruce_planks":28,"minecraft:baked_potato":37,"minecraft:wooden_pickaxe":1,"minecraft:iron_helmet":1,"minecraft:golden_pickaxe":2,"minecraft:golden_shovel":2,"minecraft:fletching_table":2,"minecraft:bucket":1,"minecraft:stone_axe":1,"minecraft:enchanted_book":2,"minecraft:air":0,"minecraft:jungle_planks":3492,"minecraft:dark_oak_slab":6,"minecraft:shield":3,"minecraft:stick":6431,"minecraft:chainmail_boots":12,"minecraft:iron_ingot":73,"minecraft:stone_sword":3,"minecraft:iron_leggings":1,"minecraft:torch":16,"minecraft:shears":1},"minecraft:mined":{"minecraft:dark_oak_planks":7,"minecraft:spruce_planks":1,"minecraft:white_bed":22,"minecraft:mossy_cobblestone":1,"minecraft:dark_oak_leaves":6,"minecraft:black_terracotta":25,"minecraft:jungle_leaves":29,"minecraft:dark_oak_log":16,"minecraft:grass_block":58,"minecraft:decorated_pot":3,"minecraft:jungle_log":890,"minecraft:coal_block":7,"minecraft:oak_pressure_plate":1,"minecraft:infested_chiseled_stone_bricks":1,"minecraft:oak_wall_sign":1,"minecraft:spawner":4,"minecraft:large_fern":5,"minecraft:tall_seagrass":1,"minecraft:furnace":1,"minecraft:barrel":2,"minecraft:fire":13,"minecraft:black_concrete":4,"minecraft:fletching_table":9,"minecraft:dark_oak_stairs":10,"minecraft:bell":1,"minecraft:bookshelf":3,"minecraft:dirt_path":5,"minecraft:vine":63,"minecraft:rail":41,"minecraft:stripped_jungle_log":7,"minecraft:bamboo":5,"minecraft:stone":229,"minecraft:iron_block":8,"minecraft:spruce_slab":4,"minecraft:jungle_trapdoor":4,"minecraft:infested_stone_bricks":1,"minecraft:crafting_table":4,"minecraft:jungle_stairs":1,"minecraft:blast_furnace":34,"minecraft:chest":6,"minecraft:lectern":26,"minecraft:cobblestone":199,"minecraft:sugar_cane":3,"minecraft:cauldron":1,"minecraft:spruce_stairs":3,"minecraft:dark_oak_slab":4,"minecraft:sweet_berry_bush":24,"minecraft:lilac":1,"minecraft:stone_brick_stairs":10,"minecraft:grass":48,"minecraft:coal_ore":5,"minecraft:gravel":53,"minecraft:dirt":505,"minecraft:cobweb":2,"minecraft:stone_bricks":4,"minecraft:oak_leaves":5,"minecraft:fern":17},"minecraft:broken":{"minecraft:stone_sword":2,"minecraft:golden_shovel":1,"minecraft:stone_pickaxe":1,"minecraft:iron_axe":5,"minecraft:stone_axe":1,"minecraft:golden_pickaxe":1},"minecraft:picked_up":{"minecraft:crafting_table":4,"minecraft:golden_pickaxe":1,"minecraft:enchanted_book":1,"minecraft:stone_brick_stairs":10,"minecraft:jungle_trapdoor":4,"minecraft:string":20,"minecraft:spruce_planks":1,"minecraft:beef":2,"minecraft:written_book":1,"minecraft:minecart":7,"minecraft:jungle_sapling":38,"minecraft:spruce_slab":3,"minecraft:lectern":27,"minecraft:sugar_cane":6,"minecraft:coal_block":7,"minecraft:chest":6,"minecraft:egg":1,"minecraft:furnace":1,"minecraft:stick":43,"minecraft:spruce_stairs":2,"minecraft:porkchop":1,"minecraft:cookie":34,"minecraft:dark_oak_planks":7,"minecraft:cauldron":1,"minecraft:stone_sword":1,"minecraft:rotten_flesh":72,"minecraft:decorated_pot":3,"minecraft:jungle_stairs":2,"minecraft:iron_block":8,"minecraft:mutton":1,"minecraft:rail":41,"minecraft:white_wool":1,"minecraft:cobblestone":529,"minecraft:feather":17,"minecraft:lilac":1,"minecraft:jungle_log":1108,"minecraft:dark_oak_boat":7,"minecraft:potato":3,"minecraft:flint":6,"minecraft:oak_log":10,"minecraft:gunpowder":4,"minecraft:dirt":647,"minecraft:paper":2,"minecraft:lantern":1,"minecraft:bone":29,"minecraft:apple":1,"minecraft:stone_bricks":4,"minecraft:bow":2,"minecraft:wheat_seeds":17,"minecraft:bell":1,"minecraft:iron_ingot":8,"minecraft:fletching_table":9,"minecraft:bamboo":133,"minecraft:dark_oak_stairs":10,"minecraft:book":9,"minecraft:black_terracotta":24,"minecraft:dark_oak_slab":4,"minecraft:sweet_berries":56,"minecraft:oak_pressure_plate":1,"minecraft:gravel":48,"minecraft:jungle_planks":18,"minecraft:blast_furnace":34,"minecraft:white_bed":22,"minecraft:spider_eye":2,"minecraft:dark_oak_log":17,"minecraft:barrel":2,"minecraft:mossy_cobblestone":3,"minecraft:stripped_jungle_log":7,"minecraft:black_concrete":4,"minecraft:emerald":1,"minecraft:oak_sapling":17,"minecraft:coal":9}},"DataVersion":3465}