{"stats":{"minecraft:used":{"minecraft:stone_sword":315,"minecraft:flint_and_steel":12,"minecraft:spruce_slab":9,"minecraft:chest":4,"minecraft:decorated_pot":2,"minecraft:spruce_planks":14,"minecraft:shield":15,"minecraft:iron_sword":60,"minecraft:bell":1,"minecraft:torch":16,"minecraft:dirt":256,"minecraft:spruce_stairs":2,"minecraft:jungle_trapdoor":4,"minecraft:golden_shovel":524,"minecraft:dark_oak_planks":4,"minecraft:iron_axe":906,"minecraft:jungle_log":3,"minecraft:dark_oak_slab":10,"minecraft:barrel":1,"minecraft:stone_brick_stairs":1,"minecraft:stone_bricks":4,"minecraft:tripwire_hook":2,"minecraft:dark_oak_boat":7,"minecraft:beef":1,"minecraft:sweet_berries":21,"minecraft:furnace":2,"minecraft:potato":4,"minecraft:cooked_beef":1,"minecraft:dark_oak_stairs":6,"minecraft:water_bucket":23,"minecraft:stone_pickaxe":131,"minecraft:baked_potato":3,"minecraft:wooden_pickaxe":21,"minecraft:sugar_cane":6,"minecraft:fletching_table":7,"minecraft:cookie":24,"minecraft:crafting_table":8,"minecraft:white_bed":20,"minecraft:shears":6,"minecraft:dark_oak_door":2,"minecraft:lever":1,"minecraft:bread":9,"minecraft:string":10,"minecraft:lectern":1,"minecraft:gravel":48,"minecraft:stone_axe":87,"minecraft:cobblestone":47,"minecraft:cooked_porkchop":1,"minecraft:bucket":24,"minecraft:golden_pickaxe":347,"minecraft:cobweb":2},"minecraft:dropped":{"minecraft:mossy_cobblestone":1,"minecraft:stick":8,"minecraft:jungle_sapling":4,"minecraft:paper":1,"minecraft:rotten_flesh":15,"minecraft:recovery_compass":4,"minecraft:written_book":3},"minecraft:custom":{"minecraft:mob_kills":45,"minecraft:animals_bred":1,"minecraft:interact_with_crafting_table":28,"minecraft:open_barrel":7,"minecraft:bell_ring":26,"minecraft:leave_game":3,"minecraft:time_since_death":21870,"minecraft:climb_one_cm":12657,"minecraft:sprint_one_cm":433087,"minecraft:walk_one_cm":279820,"minecraft:damage_blocked_by_shield":687,"minecraft:drop":13,"minecraft:talked_to_villager":20,"minecraft:play_time":248711,"minecraft:deaths":6,"minecraft:sneak_time":12408,"minecraft:walk_under_water_one_cm":21399,"minecraft:boat_one_cm":323453,"minecraft:jump":2481,"minecraft:walk_on_water_one_cm":20736,"minecraft:total_world_time":248711,"minecraft:interact_with_furnace":9,"minecraft:traded_with_villager":101,"minecraft:sleep_in_bed":3,"minecraft:time_since_rest":21890,"minecraft:damage_taken":7587,"minecraft:damage_dealt":23811,"minecraft:fly_one_cm":331745,"minecraft:swim_one_cm":140390,"minecraft:open_chest":36,"minecraft:crouch_one_cm":18633,"minecraft:fall_one_cm":57933},"minecraft:killed_by":{"minecraft:iron_golem":1,"minecraft:skeleton":3},"minecraft:killed":{"minecraft:spider":2,"minecraft:skeleton":19,"minecraft:silverfish":1,"minecraft:drowned":1,"minecraft:pig":1,"minecraft:creeper":1,"minecraft:sheep":1,"minecraft:zombie":17,"minecraft:cow":1},"minecraft:crafted":{"minecraft:tripwire_hook":2,"minecraft:dark_oak_boat":2,"minecraft:furnace":1,"minecraft:lever":1,"minecraft:dark_oak_door":3,"minecraft:bow":1,"minecraft:iron_axe":5,"minecraft:spruce_slab":6,"minecraft:stone_pickaxe":1,"minecraft:dark_oak_planks":68,"minecraft:cooked_beef":1,"minecraft:arrow":192,"minecraft:emerald":88,"minecraft:cooked_porkchop":1,"minecraft:crafting_table":4,"minecraft:spruce_planks":28,"minecraft:baked_potato":5,"minecraft:wooden_pickaxe":1,"minecraft:iron_helmet":1,"minecraft:golden_pickaxe":2,"minecraft:golden_shovel":2,"minecraft:fletching_table":2,"minecraft:bucket":1,"minecraft:stone_axe":1,"minecraft:air":0,"minecraft:jungle_planks":2184,"minecraft:dark_oak_slab":6,"minecraft:shield":1,"minecraft:stick":3616,"minecraft:iron_ingot":73,"minecraft:stone_sword":3,"minecraft:iron_leggings":1,"minecraft:torch":16,"minecraft:shears":1},"minecraft:mined":{"minecraft:dark_oak_planks":7,"minecraft:spruce_planks":1,"minecraft:white_bed":22,"minecraft:mossy_cobblestone":1,"minecraft:dark_oak_leaves":6,"minecraft:black_terracotta":25,"minecraft:jungle_leaves":1,"minecraft:dark_oak_log":16,"minecraft:grass_block":56,"minecraft:decorated_pot":3,"minecraft:jungle_log":714,"minecraft:coal_block":7,"minecraft:oak_pressure_plate":1,"minecraft:infested_chiseled_stone_bricks":1,"minecraft:oak_wall_sign":1,"minecraft:spawner":4,"minecraft:large_fern":5,"minecraft:tall_seagrass":1,"minecraft:furnace":1,"minecraft:barrel":1,"minecraft:fire":13,"minecraft:black_concrete":4,"minecraft:fletching_table":5,"minecraft:dark_oak_stairs":10,"minecraft:bell":1,"minecraft:bookshelf":1,"minecraft:dirt_path":5,"minecraft:vine":42,"minecraft:bamboo":3,"minecraft:stone":224,"minecraft:iron_block":8,"minecraft:spruce_slab":4,"minecraft:jungle_trapdoor":4,"minecraft:infested_stone_bricks":1,"minecraft:crafting_table":4,"minecraft:jungle_stairs":1,"minecraft:chest":6,"minecraft:lectern":3,"minecraft:cobblestone":198,"minecraft:sugar_cane":3,"minecraft:cauldron":1,"minecraft:spruce_stairs":3,"minecraft:dark_oak_slab":4,"minecraft:sweet_berry_bush":24,"minecraft:lilac":1,"minecraft:stone_brick_stairs":10,"minecraft:grass":41,"minecraft:coal_ore":5,"minecraft:gravel":53,"minecraft:dirt":458,"minecraft:cobweb":2,"minecraft:stone_bricks":4,"minecraft:oak_leaves":2,"minecraft:fern":15},"minecraft:broken":{"minecraft:stone_sword":2,"minecraft:golden_shovel":1,"minecraft:stone_pickaxe":1,"minecraft:iron_axe":3,"minecraft:stone_axe":1,"minecraft:golden_pickaxe":1},"minecraft:picked_up":{"minecraft:crafting_table":4,"minecraft:enchanted_book":1,"minecraft:stone_brick_stairs":10,"minecraft:jungle_trapdoor":4,"minecraft:string":20,"minecraft:spruce_planks":1,"minecraft:beef":2,"minecraft:written_book":1,"minecraft:jungle_sapling":22,"minecraft:spruce_slab":3,"minecraft:lectern":3,"minecraft:sugar_cane":6,"minecraft:coal_block":7,"minecraft:chest":6,"minecraft:furnace":1,"minecraft:stick":24,"minecraft:spruce_stairs":2,"minecraft:porkchop":1,"minecraft:cookie":4,"minecraft:dark_oak_planks":7,"minecraft:cauldron":1,"minecraft:rotten_flesh":43,"minecraft:decorated_pot":3,"minecraft:jungle_stairs":1,"minecraft:iron_block":8,"minecraft:mutton":1,"minecraft:white_wool":1,"minecraft:cobblestone":418,"minecraft:feather":17,"minecraft:lilac":1,"minecraft:jungle_log":768,"minecraft:dark_oak_boat":7,"minecraft:potato":1,"minecraft:flint":5,"minecraft:gunpowder":4,"minecraft:dirt":573,"minecraft:paper":2,"minecraft:lantern":1,"minecraft:bone":24,"minecraft:stone_bricks":4,"minecraft:bow":1,"minecraft:wheat_seeds":14,"minecraft:bell":1,"minecraft:fletching_table":5,"minecraft:bamboo":55,"minecraft:dark_oak_stairs":10,"minecraft:book":3,"minecraft:black_terracotta":24,"minecraft:dark_oak_slab":4,"minecraft:sweet_berries":56,"minecraft:oak_pressure_plate":1,"minecraft:gravel":48,"minecraft:jungle_planks":4,"minecraft:white_bed":22,"minecraft:spider_eye":2,"minecraft:dark_oak_log":17,"minecraft:barrel":1,"minecraft:mossy_cobblestone":2,"minecraft:black_concrete":4,"minecraft:coal":9}},"DataVersion":3465}