{"stats":{"minecraft:used":{"minecraft:stone_sword":315,"minecraft:flint_and_steel":12,"minecraft:spruce_slab":9,"minecraft:decorated_pot":2,"minecraft:spruce_planks":14,"minecraft:shield":2,"minecraft:iron_sword":60,"minecraft:bell":1,"minecraft:dirt":120,"minecraft:spruce_stairs":2,"minecraft:jungle_trapdoor":2,"minecraft:golden_shovel":413,"minecraft:dark_oak_planks":4,"minecraft:iron_axe":138,"minecraft:dark_oak_slab":6,"minecraft:stone_brick_stairs":1,"minecraft:stone_bricks":4,"minecraft:tripwire_hook":2,"minecraft:dark_oak_boat":7,"minecraft:beef":1,"minecraft:sweet_berries":21,"minecraft:furnace":1,"minecraft:potato":4,"minecraft:cooked_beef":1,"minecraft:dark_oak_stairs":6,"minecraft:water_bucket":16,"minecraft:stone_pickaxe":130,"minecraft:wooden_pickaxe":21,"minecraft:fletching_table":4,"minecraft:crafting_table":5,"minecraft:white_bed":20,"minecraft:shears":6,"minecraft:dark_oak_door":2,"minecraft:lever":1,"minecraft:bread":9,"minecraft:string":10,"minecraft:lectern":1,"minecraft:gravel":48,"minecraft:stone_axe":87,"minecraft:cobblestone":43,"minecraft:cooked_porkchop":1,"minecraft:bucket":17,"minecraft:golden_pickaxe":238,"minecraft:cobweb":2},"minecraft:dropped":{"minecraft:recovery_compass":4,"minecraft:written_book":2},"minecraft:custom":{"minecraft:mob_kills":26,"minecraft:animals_bred":1,"minecraft:interact_with_crafting_table":22,"minecraft:open_barrel":6,"minecraft:bell_ring":25,"minecraft:leave_game":3,"minecraft:time_since_death":139878,"minecraft:climb_one_cm":3797,"minecraft:sprint_one_cm":293305,"minecraft:walk_one_cm":196799,"minecraft:damage_blocked_by_shield":117,"minecraft:drop":6,"minecraft:talked_to_villager":7,"minecraft:play_time":194756,"minecraft:deaths":5,"minecraft:sneak_time":9080,"minecraft:walk_under_water_one_cm":17992,"minecraft:boat_one_cm":323453,"minecraft:jump":1703,"minecraft:walk_on_water_one_cm":16982,"minecraft:total_world_time":194756,"minecraft:interact_with_furnace":4,"minecraft:traded_with_villager":6,"minecraft:sleep_in_bed":3,"minecraft:time_since_rest":50883,"minecraft:damage_taken":6440,"minecraft:damage_dealt":16637,"minecraft:fly_one_cm":263867,"minecraft:swim_one_cm":108655,"minecraft:open_chest":22,"minecraft:crouch_one_cm":14716,"minecraft:fall_one_cm":45022},"minecraft:killed_by":{"minecraft:skeleton":3},"minecraft:killed":{"minecraft:skeleton":17,"minecraft:silverfish":1,"minecraft:drowned":1,"minecraft:pig":1,"minecraft:sheep":1,"minecraft:zombie":4,"minecraft:cow":1},"minecraft:crafted":{"minecraft:tripwire_hook":2,"minecraft:dark_oak_boat":2,"minecraft:furnace":1,"minecraft:lever":1,"minecraft:dark_oak_door":3,"minecraft:iron_axe":1,"minecraft:spruce_slab":6,"minecraft:stone_pickaxe":1,"minecraft:dark_oak_planks":68,"minecraft:cooked_beef":1,"minecraft:emerald":6,"minecraft:cooked_porkchop":1,"minecraft:crafting_table":3,"minecraft:spruce_planks":28,"minecraft:wooden_pickaxe":1,"minecraft:iron_helmet":1,"minecraft:golden_pickaxe":1,"minecraft:golden_shovel":1,"minecraft:fletching_table":2,"minecraft:bucket":1,"minecraft:stone_axe":1,"minecraft:air":0,"minecraft:jungle_planks":392,"minecraft:dark_oak_slab":6,"minecraft:shield":1,"minecraft:stick":804,"minecraft:iron_ingot":72,"minecraft:stone_sword":3,"minecraft:iron_leggings":1,"minecraft:shears":1},"minecraft:mined":{"minecraft:dark_oak_planks":7,"minecraft:spruce_planks":1,"minecraft:white_bed":20,"minecraft:mossy_cobblestone":1,"minecraft:dark_oak_leaves":6,"minecraft:black_terracotta":25,"minecraft:dark_oak_log":16,"minecraft:grass_block":18,"minecraft:decorated_pot":3,"minecraft:jungle_log":89,"minecraft:coal_block":7,"minecraft:oak_pressure_plate":1,"minecraft:infested_chiseled_stone_bricks":1,"minecraft:oak_wall_sign":1,"minecraft:spawner":4,"minecraft:large_fern":5,"minecraft:tall_seagrass":1,"minecraft:furnace":1,"minecraft:barrel":1,"minecraft:fire":13,"minecraft:black_concrete":4,"minecraft:fletching_table":3,"minecraft:dark_oak_stairs":10,"minecraft:bell":1,"minecraft:bookshelf":1,"minecraft:dirt_path":5,"minecraft:vine":2,"minecraft:bamboo":3,"minecraft:stone":116,"minecraft:iron_block":8,"minecraft:spruce_slab":3,"minecraft:jungle_trapdoor":2,"minecraft:infested_stone_bricks":1,"minecraft:crafting_table":2,"minecraft:jungle_stairs":1,"minecraft:lectern":2,"minecraft:cobblestone":197,"minecraft:cauldron":1,"minecraft:spruce_stairs":3,"minecraft:dark_oak_slab":4,"minecraft:sweet_berry_bush":24,"minecraft:lilac":1,"minecraft:stone_brick_stairs":10,"minecraft:grass":30,"minecraft:coal_ore":5,"minecraft:gravel":53,"minecraft:dirt":361,"minecraft:cobweb":2,"minecraft:stone_bricks":4,"minecraft:oak_leaves":2,"minecraft:fern":11},"minecraft:broken":{"minecraft:stone_sword":2,"minecraft:stone_axe":1,"minecraft:golden_pickaxe":1},"minecraft:picked_up":{"minecraft:crafting_table":2,"minecraft:stone_brick_stairs":10,"minecraft:jungle_trapdoor":2,"minecraft:string":18,"minecraft:spruce_planks":1,"minecraft:beef":2,"minecraft:spruce_slab":3,"minecraft:lectern":2,"minecraft:coal_block":7,"minecraft:furnace":1,"minecraft:stick":2,"minecraft:spruce_stairs":2,"minecraft:porkchop":1,"minecraft:dark_oak_planks":7,"minecraft:cauldron":1,"minecraft:rotten_flesh":2,"minecraft:decorated_pot":3,"minecraft:jungle_stairs":1,"minecraft:iron_block":8,"minecraft:mutton":1,"minecraft:white_wool":1,"minecraft:cobblestone":307,"minecraft:feather":16,"minecraft:lilac":1,"minecraft:jungle_log":98,"minecraft:dark_oak_boat":7,"minecraft:flint":5,"minecraft:dirt":395,"minecraft:lantern":1,"minecraft:bone":21,"minecraft:stone_bricks":4,"minecraft:wheat_seeds":14,"minecraft:bell":1,"minecraft:fletching_table":3,"minecraft:bamboo":34,"minecraft:dark_oak_stairs":10,"minecraft:book":3,"minecraft:black_terracotta":24,"minecraft:dark_oak_slab":4,"minecraft:sweet_berries":56,"minecraft:oak_pressure_plate":1,"minecraft:gravel":48,"minecraft:white_bed":20,"minecraft:dark_oak_log":17,"minecraft:barrel":1,"minecraft:mossy_cobblestone":1,"minecraft:black_concrete":4,"minecraft:coal":9}},"DataVersion":3465}