{"stats":{"minecraft:picked_up":{"minecraft:crafting_table":5,"minecraft:golden_pickaxe":1,"minecraft:enchanted_book":1,"minecraft:stone_brick_stairs":10,"minecraft:jungle_trapdoor":4,"minecraft:string":33,"minecraft:spruce_planks":1,"minecraft:beef":2,"minecraft:written_book":1,"minecraft:jungle_sapling":51,"minecraft:minecart":9,"minecraft:spruce_slab":3,"minecraft:lectern":146,"minecraft:coal_block":7,"minecraft:sugar_cane":30,"minecraft:chest":6,"minecraft:phantom_membrane":2,"minecraft:egg":1,"minecraft:furnace":1,"minecraft:stick":61,"minecraft:torch":1,"minecraft:spruce_stairs":2,"minecraft:porkchop":1,"minecraft:cookie":34,"minecraft:cauldron":1,"minecraft:dark_oak_planks":7,"minecraft:stone_sword":1,"minecraft:rotten_flesh":80,"minecraft:decorated_pot":3,"minecraft:jungle_stairs":2,"minecraft:iron_block":10,"minecraft:mutton":1,"minecraft:rail":58,"minecraft:white_wool":1,"minecraft:cobblestone":536,"minecraft:feather":17,"minecraft:lilac":1,"minecraft:jungle_log":1723,"minecraft:dark_oak_boat":7,"minecraft:potato":3,"minecraft:flint":6,"minecraft:oak_log":10,"minecraft:gunpowder":4,"minecraft:dirt":647,"minecraft:paper":2,"minecraft:lantern":1,"minecraft:bone":34,"minecraft:apple":2,"minecraft:stone_bricks":4,"minecraft:bow":2,"minecraft:wheat_seeds":18,"minecraft:bell":1,"minecraft:iron_ingot":8,"minecraft:fletching_table":9,"minecraft:bamboo":133,"minecraft:dark_oak_stairs":10,"minecraft:book":15,"minecraft:oak_slab":3,"minecraft:dark_oak_slab":4,"minecraft:black_terracotta":24,"minecraft:sweet_berries":56,"minecraft:oak_pressure_plate":1,"minecraft:gravel":48,"minecraft:jungle_planks":18,"minecraft:blast_furnace":34,"minecraft:white_bed":22,"minecraft:barrel":2,"minecraft:spider_eye":5,"minecraft:dark_oak_log":17,"minecraft:mossy_cobblestone":3,"minecraft:stripped_jungle_log":9,"minecraft:oak_wood":5,"minecraft:black_concrete":4,"minecraft:emerald":1,"minecraft:oak_sapling":22,"minecraft:coal":9},"minecraft:used":{"minecraft:stone_sword":315,"minecraft:flint_and_steel":12,"minecraft:spruce_slab":9,"minecraft:chest":8,"minecraft:decorated_pot":2,"minecraft:spruce_planks":14,"minecraft:shield":31,"minecraft:iron_sword":164,"minecraft:bell":1,"minecraft:torch":17,"minecraft:dirt":351,"minecraft:anvil":1,"minecraft:spruce_stairs":2,"minecraft:jungle_trapdoor":4,"minecraft:golden_shovel":524,"minecraft:dark_oak_planks":4,"minecraft:iron_axe":1371,"minecraft:jungle_log":5,"minecraft:dark_oak_slab":10,"minecraft:stone_bricks":4,"minecraft:barrel":1,"minecraft:stone_brick_stairs":1,"minecraft:tripwire_hook":2,"minecraft:dark_oak_boat":7,"minecraft:bow":8,"minecraft:beef":1,"minecraft:sweet_berries":21,"minecraft:furnace":2,"minecraft:minecart":9,"minecraft:cooked_beef":1,"minecraft:potato":4,"minecraft:golden_axe":221,"minecraft:dark_oak_stairs":6,"minecraft:water_bucket":47,"minecraft:stone_pickaxe":131,"minecraft:baked_potato":28,"minecraft:wooden_pickaxe":21,"minecraft:sugar_cane":30,"minecraft:fletching_table":11,"minecraft:cookie":24,"minecraft:rail":70,"minecraft:oak_slab":10,"minecraft:crafting_table":9,"minecraft:blast_furnace":35,"minecraft:white_bed":20,"minecraft:shears":9,"minecraft:dark_oak_door":2,"minecraft:lever":1,"minecraft:bread":9,"minecraft:iron_pickaxe":2,"minecraft:string":14,"minecraft:lectern":147,"minecraft:gravel":48,"minecraft:stone_axe":87,"minecraft:cobblestone":67,"minecraft:cooked_porkchop":1,"minecraft:bucket":48,"minecraft:golden_pickaxe":448,"minecraft:cobweb":2},"minecraft:custom":{"minecraft:interact_with_anvil":2,"minecraft:mob_kills":76,"minecraft:animals_bred":1,"minecraft:interact_with_crafting_table":43,"minecraft:open_barrel":8,"minecraft:bell_ring":27,"minecraft:leave_game":4,"minecraft:time_since_death":159690,"minecraft:climb_one_cm":38213,"minecraft:sprint_one_cm":741717,"minecraft:walk_one_cm":484579,"minecraft:damage_blocked_by_shield":1222,"minecraft:drop":17,"minecraft:talked_to_villager":372,"minecraft:play_time":386531,"minecraft:deaths":6,"minecraft:sneak_time":17147,"minecraft:walk_under_water_one_cm":28938,"minecraft:boat_one_cm":323453,"minecraft:jump":3861,"minecraft:interact_with_blast_furnace":8,"minecraft:walk_on_water_one_cm":31919,"minecraft:total_world_time":386531,"minecraft:interact_with_furnace":17,"minecraft:traded_with_villager":372,"minecraft:sleep_in_bed":3,"minecraft:time_since_rest":159710,"minecraft:damage_taken":8439,"minecraft:damage_dealt":35213,"minecraft:swim_one_cm":156893,"minecraft:fly_one_cm":515430,"minecraft:open_chest":79,"minecraft:crouch_one_cm":38121,"minecraft:fall_one_cm":94961},"minecraft:crafted":{"minecraft:oak_planks":40,"minecraft:smooth_stone":3,"minecraft:tripwire_hook":2,"minecraft:dark_oak_boat":2,"minecraft:furnace":2,"minecraft:blast_furnace":1,"minecraft:stone":3,"minecraft:lever":1,"minecraft:bookshelf":2,"minecraft:dark_oak_door":3,"minecraft:bow":1,"minecraft:diamond_leggings":1,"minecraft:iron_boots":12,"minecraft:iron_axe":6,"minecraft:spruce_slab":6,"minecraft:stone_pickaxe":1,"minecraft:chest":2,"minecraft:diamond_boots":4,"minecraft:rail":32,"minecraft:dark_oak_planks":68,"minecraft:minecart":1,"minecraft:cooked_beef":1,"minecraft:golden_axe":3,"minecraft:oak_slab":18,"minecraft:arrow":192,"minecraft:emerald":313,"minecraft:cooked_porkchop":1,"minecraft:crafting_table":5,"minecraft:spruce_planks":28,"minecraft:wooden_pickaxe":1,"minecraft:baked_potato":37,"minecraft:iron_helmet":1,"minecraft:golden_pickaxe":2,"minecraft:golden_shovel":2,"minecraft:fletching_table":2,"minecraft:bucket":1,"minecraft:stone_axe":1,"minecraft:enchanted_book":6,"minecraft:air":0,"minecraft:jungle_planks":5468,"minecraft:lectern":2,"minecraft:dark_oak_slab":6,"minecraft:shield":12,"minecraft:stick":10911,"minecraft:chainmail_boots":12,"minecraft:iron_ingot":73,"minecraft:iron_pickaxe":1,"minecraft:iron_block":1,"minecraft:stone_sword":3,"minecraft:iron_leggings":1,"minecraft:anvil":1,"minecraft:torch":16,"minecraft:shears":1},"minecraft:mined":{"minecraft:dark_oak_planks":7,"minecraft:spruce_planks":1,"minecraft:white_bed":22,"minecraft:mossy_cobblestone":1,"minecraft:dark_oak_leaves":6,"minecraft:black_terracotta":25,"minecraft:jungle_leaves":33,"minecraft:dark_oak_log":16,"minecraft:grass_block":58,"minecraft:decorated_pot":3,"minecraft:jungle_log":1141,"minecraft:oak_pressure_plate":1,"minecraft:coal_block":7,"minecraft:infested_chiseled_stone_bricks":1,"minecraft:oak_wall_sign":1,"minecraft:spawner":4,"minecraft:large_fern":5,"minecraft:tall_seagrass":1,"minecraft:furnace":1,"minecraft:fire":13,"minecraft:barrel":2,"minecraft:black_concrete":4,"minecraft:fletching_table":9,"minecraft:dark_oak_stairs":10,"minecraft:bell":1,"minecraft:bookshelf":5,"minecraft:dirt_path":5,"minecraft:vine":71,"minecraft:rail":58,"minecraft:stripped_jungle_log":9,"minecraft:bamboo":5,"minecraft:stone":233,"minecraft:iron_block":10,"minecraft:spruce_slab":4,"minecraft:jungle_trapdoor":4,"minecraft:oak_slab":3,"minecraft:infested_stone_bricks":1,"minecraft:crafting_table":5,"minecraft:jungle_stairs":1,"minecraft:blast_furnace":34,"minecraft:oak_wood":5,"minecraft:chest":6,"minecraft:lectern":145,"minecraft:cobblestone":202,"minecraft:sugar_cane":13,"minecraft:wall_torch":1,"minecraft:cauldron":1,"minecraft:spruce_stairs":3,"minecraft:dark_oak_slab":4,"minecraft:sweet_berry_bush":24,"minecraft:lilac":1,"minecraft:stone_brick_stairs":10,"minecraft:grass":54,"minecraft:coal_ore":5,"minecraft:gravel":53,"minecraft:dirt":505,"minecraft:cobweb":2,"minecraft:stone_bricks":4,"minecraft:oak_leaves":7,"minecraft:fern":18},"minecraft:killed":{"minecraft:spider":4,"minecraft:phantom":2,"minecraft:skeleton":23,"minecraft:silverfish":1,"minecraft:drowned":1,"minecraft:pig":1,"minecraft:iron_golem":1,"minecraft:creeper":1,"minecraft:sheep":1,"minecraft:zombie":33,"minecraft:villager":4,"minecraft:cow":1},"minecraft:dropped":{"minecraft:mossy_cobblestone":1,"minecraft:stick":8,"minecraft:dirt":43,"minecraft:jungle_sapling":4,"minecraft:paper":1,"minecraft:rotten_flesh":42,"minecraft:recovery_compass":4,"minecraft:oak_wood":1,"minecraft:spider_eye":3,"minecraft:written_book":3},"minecraft:killed_by":{"minecraft:iron_golem":1,"minecraft:skeleton":3},"minecraft:broken":{"minecraft:stone_sword":2,"minecraft:golden_shovel":1,"minecraft:stone_pickaxe":1,"minecraft:iron_axe":6,"minecraft:stone_axe":1,"minecraft:golden_pickaxe":1}},"DataVersion":3465}