{"stats":{"minecraft:used":{"minecraft:dark_oak_stairs":1,"minecraft:stone_sword":66,"minecraft:stone_pickaxe":31,"minecraft:spruce_planks":11,"minecraft:wooden_pickaxe":21,"minecraft:stone_axe":64,"minecraft:cobblestone":2,"minecraft:beef":1,"minecraft:dark_oak_boat":2,"minecraft:crafting_table":3,"minecraft:furnace":1,"minecraft:cooked_porkchop":1,"minecraft:spruce_stairs":2,"minecraft:cooked_beef":1},"minecraft:dropped":{"minecraft:written_book":2,"minecraft:recovery_compass":4},"minecraft:custom":{"minecraft:time_since_rest":6361,"minecraft:interact_with_furnace":3,"minecraft:sprint_one_cm":48000,"minecraft:damage_taken":4838,"minecraft:walk_one_cm":37999,"minecraft:mob_kills":9,"minecraft:drop":6,"minecraft:damage_dealt":4936,"minecraft:interact_with_crafting_table":6,"minecraft:swim_one_cm":69507,"minecraft:fly_one_cm":103391,"minecraft:open_barrel":6,"minecraft:crouch_one_cm":1497,"minecraft:play_time":44766,"minecraft:deaths":4,"minecraft:sneak_time":1018,"minecraft:walk_under_water_one_cm":8864,"minecraft:boat_one_cm":101970,"minecraft:jump":494,"minecraft:leave_game":3,"minecraft:time_since_death":6341,"minecraft:walk_on_water_one_cm":7065,"minecraft:total_world_time":44766,"minecraft:fall_one_cm":13771},"minecraft:killed_by":{"minecraft:skeleton":3},"minecraft:killed":{"minecraft:skeleton":6,"minecraft:pig":1,"minecraft:drowned":1,"minecraft:cow":1},"minecraft:crafted":{"minecraft:cooked_beef":1,"minecraft:cooked_porkchop":1,"minecraft:dark_oak_boat":2,"minecraft:crafting_table":2,"minecraft:spruce_planks":28,"minecraft:stick":12,"minecraft:wooden_pickaxe":1,"minecraft:stone_pickaxe":1,"minecraft:stone_sword":1,"minecraft:furnace":1,"minecraft:dark_oak_planks":68,"minecraft:stone_axe":1,"minecraft:air":0},"minecraft:mined":{"minecraft:dark_oak_planks":1,"minecraft:spruce_stairs":3,"minecraft:tall_seagrass":1,"minecraft:spruce_planks":1,"minecraft:dark_oak_slab":3,"minecraft:furnace":1,"minecraft:dark_oak_leaves":6,"minecraft:barrel":1,"minecraft:dark_oak_log":16,"minecraft:crafting_table":1,"minecraft:dark_oak_stairs":2,"minecraft:grass":2,"minecraft:coal_ore":5,"minecraft:coal_block":7,"minecraft:cobblestone":2,"minecraft:stone":34,"minecraft:spawner":3},"minecraft:picked_up":{"minecraft:dark_oak_slab":4,"minecraft:crafting_table":1,"minecraft:feather":7,"minecraft:dark_oak_boat":1,"minecraft:spruce_stairs":2,"minecraft:porkchop":1,"minecraft:barrel":1,"minecraft:dark_oak_log":17,"minecraft:dark_oak_planks":1,"minecraft:bone":10,"minecraft:spruce_planks":1,"minecraft:beef":2,"minecraft:coal_block":7,"minecraft:coal":9,"minecraft:dark_oak_stairs":2,"minecraft:cobblestone":36,"minecraft:furnace":1}},"DataVersion":3465}