{"stats":{"minecraft:used":{"minecraft:dark_oak_stairs":3,"minecraft:stone_sword":311,"minecraft:flint_and_steel":12,"minecraft:stone_pickaxe":61,"minecraft:spruce_planks":14,"minecraft:wooden_pickaxe":21,"minecraft:iron_sword":54,"minecraft:crafting_table":3,"minecraft:spruce_stairs":2,"minecraft:stone_axe":85,"minecraft:cobblestone":2,"minecraft:dark_oak_boat":3,"minecraft:beef":1,"minecraft:furnace":1,"minecraft:cooked_porkchop":1,"minecraft:cooked_beef":1},"minecraft:dropped":{"minecraft:recovery_compass":4,"minecraft:written_book":2},"minecraft:custom":{"minecraft:interact_with_furnace":3,"minecraft:mob_kills":20,"minecraft:interact_with_crafting_table":7,"minecraft:open_barrel":6,"minecraft:leave_game":3,"minecraft:time_since_death":7878,"minecraft:time_since_rest":7898,"minecraft:sprint_one_cm":65228,"minecraft:damage_taken":6216,"minecraft:walk_one_cm":50317,"minecraft:drop":6,"minecraft:damage_dealt":15086,"minecraft:swim_one_cm":88431,"minecraft:fly_one_cm":121935,"minecraft:open_chest":2,"minecraft:crouch_one_cm":9483,"minecraft:play_time":62756,"minecraft:deaths":5,"minecraft:sneak_time":6621,"minecraft:walk_under_water_one_cm":11778,"minecraft:boat_one_cm":174645,"minecraft:jump":614,"minecraft:walk_on_water_one_cm":7557,"minecraft:total_world_time":62756,"minecraft:fall_one_cm":15236},"minecraft:killed_by":{"minecraft:skeleton":3},"minecraft:killed":{"minecraft:pig":1,"minecraft:skeleton":17,"minecraft:drowned":1,"minecraft:cow":1},"minecraft:crafted":{"minecraft:cooked_beef":1,"minecraft:cooked_porkchop":1,"minecraft:dark_oak_boat":2,"minecraft:crafting_table":2,"minecraft:spruce_planks":28,"minecraft:wooden_pickaxe":1,"minecraft:furnace":1,"minecraft:stone_axe":1,"minecraft:air":0,"minecraft:stick":12,"minecraft:stone_pickaxe":1,"minecraft:stone_sword":3,"minecraft:dark_oak_planks":68},"minecraft:mined":{"minecraft:dark_oak_planks":5,"minecraft:spruce_planks":1,"minecraft:dark_oak_leaves":6,"minecraft:black_terracotta":25,"minecraft:dark_oak_log":16,"minecraft:crafting_table":2,"minecraft:oak_pressure_plate":1,"minecraft:coal_block":7,"minecraft:cobblestone":2,"minecraft:oak_wall_sign":1,"minecraft:spawner":4,"minecraft:large_fern":2,"minecraft:spruce_stairs":3,"minecraft:tall_seagrass":1,"minecraft:dark_oak_slab":4,"minecraft:furnace":1,"minecraft:fire":13,"minecraft:barrel":1,"minecraft:sweet_berry_bush":22,"minecraft:black_concrete":4,"minecraft:dark_oak_stairs":10,"minecraft:grass":21,"minecraft:coal_ore":5,"minecraft:stone":34,"minecraft:fern":7},"minecraft:broken":{"minecraft:stone_sword":2},"minecraft:picked_up":{"minecraft:crafting_table":2,"minecraft:feather":16,"minecraft:dark_oak_boat":2,"minecraft:bone":21,"minecraft:wheat_seeds":4,"minecraft:spruce_planks":1,"minecraft:beef":2,"minecraft:coal_block":7,"minecraft:dark_oak_stairs":10,"minecraft:furnace":1,"minecraft:black_terracotta":24,"minecraft:dark_oak_slab":4,"minecraft:sweet_berries":56,"minecraft:oak_pressure_plate":1,"minecraft:spruce_stairs":2,"minecraft:porkchop":1,"minecraft:dark_oak_log":17,"minecraft:barrel":1,"minecraft:dark_oak_planks":5,"minecraft:black_concrete":4,"minecraft:coal":9,"minecraft:cobblestone":36}},"DataVersion":3465}