{"stats":{"minecraft:custom":{"minecraft:interact_with_furnace":3,"minecraft:mob_kills":9,"minecraft:interact_with_crafting_table":11,"minecraft:leave_game":2,"minecraft:time_since_death":29773,"minecraft:sleep_in_bed":6,"minecraft:time_since_rest":11445,"minecraft:waystone_activated":1,"minecraft:sprint_one_cm":94534,"minecraft:damage_taken":921,"minecraft:walk_one_cm":96654,"minecraft:damage_blocked_by_shield":430,"minecraft:drop":4,"minecraft:damage_dealt":1932,"minecraft:swim_one_cm":16549,"minecraft:talked_to_villager":2,"minecraft:fly_one_cm":99980,"minecraft:open_chest":24,"minecraft:crouch_one_cm":1946,"minecraft:play_time":85500,"minecraft:deaths":2,"minecraft:sneak_time":1030,"minecraft:walk_under_water_one_cm":4420,"minecraft:boat_one_cm":185121,"minecraft:jump":590,"minecraft:walk_on_water_one_cm":3248,"minecraft:total_world_time":85500,"minecraft:fall_one_cm":38731},"minecraft:mined":{"minecraft:dark_oak_planks":3,"minecraft:red_bed":2,"minecraft:stripped_dark_oak_log":1,"minecraft:jungle_leaves":1,"minecraft:dark_oak_log":6,"minecraft:crafting_table":5,"minecraft:cave_vines_plant":1,"minecraft:moss_block":1,"minecraft:furnace":1,"minecraft:cave_vines":1,"minecraft:stone":14,"minecraft:white_wool":6,"minecraft:oak_leaves":5},"minecraft:used":{"minecraft:moss_block":1,"minecraft:stone_pickaxe":1,"minecraft:wooden_pickaxe":14,"minecraft:shield":9,"naturalist:duck_egg":1,"minecraft:white_wool":3,"minecraft:crafting_table":5,"minecraft:red_bed":1,"minecraft:shears":6,"minecraft:apple":1,"minecraft:bread":5,"minecraft:stone_axe":32,"minecraft:dark_oak_boat":2,"minecraft:furnace":1,"minecraft:oak_sapling":1,"minecraft:cooked_porkchop":2},"minecraft:dropped":{"minecraft:poppy":2,"minecraft:leather_boots":1,"minecraft:leather_leggings":1},"minecraft:picked_up":{"minecraft:crafting_table":7,"minecraft:leather_chestplate":2,"minecraft:wheat":20,"minecraft:leather_leggings":4,"minecraft:leather":10,"artifacts:bunny_hoppers":2,"minecraft:dark_oak_boat":2,"minecraft:wooden_pickaxe":2,"minecraft:potato":50,"minecraft:shield":2,"minecraft:string":1,"minecraft:red_bed":2,"minecraft:wooden_sword":2,"minecraft:leather_boots":4,"minecraft:bone":2,"minecraft:apple":46,"minecraft:gold_nugget":4,"minecraft:beef":12,"minecraft:iron_ingot":4,"minecraft:stone_pickaxe":2,"minecraft:poppy":2,"minecraft:moss_block":1,"minecraft:furnace":1,"minecraft:stick":4,"minecraft:dark_oak_sapling":1,"minecraft:copper_ingot":1,"minecraft:porkchop":7,"naturalist:duck_egg":1,"minecraft:dark_oak_log":6,"minecraft:leather_helmet":2,"minecraft:dark_oak_planks":3,"minecraft:arrow":1,"minecraft:rotten_flesh":1,"minecraft:stone_axe":2,"minecraft:shears":2,"minecraft:bread":24,"minecraft:emerald":8,"minecraft:oak_sapling":1,"minecraft:stripped_dark_oak_log":2,"minecraft:mutton":2,"minecraft:coal":10,"minecraft:white_wool":15,"minecraft:cobblestone":30},"minecraft:killed_by":{"minecraft:player":2},"minecraft:crafted":{"minecraft:cooked_porkchop":4,"minecraft:crafting_table":1,"minecraft:dark_oak_boat":1,"minecraft:wooden_pickaxe":1,"grapplemod:grappling_hook":1,"usefulbackpacks:backpack_small":1,"minecraft:furnace":1,"minecraft:stone_axe":1,"minecraft:bread":1,"minecraft:air":0,"minecraft:stick":12,"minecraft:stone_pickaxe":1,"minecraft:iron_pickaxe":1,"minecraft:dark_oak_planks":24},"minecraft:killed":{"minecraft:spider":1,"minecraft:iron_golem":1,"naturalist:boar":1,"minecraft:cow":6}},"DataVersion":3465}