{"stats":{"minecraft:custom":{"minecraft:time_since_rest":2549,"minecraft:waystone_activated":1,"minecraft:sprint_one_cm":51593,"minecraft:damage_taken":906,"minecraft:walk_one_cm":66166,"minecraft:damage_blocked_by_shield":430,"minecraft:drop":4,"minecraft:damage_dealt":100,"minecraft:talked_to_villager":1,"minecraft:swim_one_cm":9939,"minecraft:interact_with_crafting_table":6,"minecraft:fly_one_cm":48456,"minecraft:open_chest":22,"minecraft:crouch_one_cm":1513,"minecraft:play_time":61500,"minecraft:deaths":2,"minecraft:sneak_time":803,"minecraft:walk_under_water_one_cm":3388,"minecraft:boat_one_cm":60386,"minecraft:jump":282,"minecraft:leave_game":2,"minecraft:walk_on_water_one_cm":1911,"minecraft:time_since_death":5773,"minecraft:sleep_in_bed":4,"minecraft:total_world_time":61500,"minecraft:fall_one_cm":18153},"minecraft:mined":{"minecraft:dark_oak_planks":3,"minecraft:stripped_dark_oak_log":1,"minecraft:jungle_leaves":1,"minecraft:dark_oak_log":5,"minecraft:crafting_table":1,"minecraft:cave_vines_plant":1,"minecraft:cave_vines":1,"minecraft:stone":14,"minecraft:moss_block":1,"minecraft:white_wool":3,"minecraft:oak_leaves":5},"minecraft:used":{"minecraft:moss_block":1,"minecraft:bread":5,"minecraft:shield":9,"minecraft:wooden_pickaxe":14,"minecraft:stone_axe":7,"minecraft:white_wool":3,"minecraft:dark_oak_boat":1,"minecraft:crafting_table":1,"minecraft:oak_sapling":1,"minecraft:shears":3},"minecraft:dropped":{"minecraft:poppy":2,"minecraft:leather_boots":1,"minecraft:leather_leggings":1},"minecraft:picked_up":{"minecraft:dark_oak_sapling":1,"minecraft:stick":4,"minecraft:crafting_table":3,"minecraft:wheat":20,"minecraft:leather_chestplate":2,"minecraft:leather_leggings":4,"minecraft:copper_ingot":1,"minecraft:dark_oak_boat":1,"artifacts:bunny_hoppers":2,"minecraft:wooden_pickaxe":2,"minecraft:potato":50,"minecraft:porkchop":6,"minecraft:shield":2,"minecraft:dark_oak_log":5,"minecraft:leather_helmet":2,"minecraft:dark_oak_planks":3,"minecraft:wooden_sword":2,"minecraft:leather_boots":4,"minecraft:rotten_flesh":1,"minecraft:apple":46,"minecraft:stone_axe":2,"minecraft:gold_nugget":4,"minecraft:shears":2,"minecraft:stone_pickaxe":2,"minecraft:poppy":2,"minecraft:emerald":8,"minecraft:bread":24,"minecraft:mutton":2,"minecraft:oak_sapling":1,"minecraft:moss_block":1,"minecraft:stripped_dark_oak_log":2,"minecraft:coal":8,"minecraft:white_wool":9,"minecraft:cobblestone":30},"minecraft:killed_by":{"minecraft:player":2},"minecraft:crafted":{"minecraft:dark_oak_boat":1,"minecraft:crafting_table":1,"minecraft:stick":8,"minecraft:wooden_pickaxe":1,"minecraft:stone_pickaxe":1,"minecraft:dark_oak_planks":20,"minecraft:stone_axe":1,"minecraft:bread":1}},"DataVersion":3465}