{"stats":{"minecraft:custom":{"minecraft:interact_with_furnace":1,"minecraft:mob_kills":1,"minecraft:interact_with_crafting_table":8,"minecraft:leave_game":2,"minecraft:time_since_death":17773,"minecraft:sleep_in_bed":5,"minecraft:time_since_rest":0,"minecraft:waystone_activated":1,"minecraft:sprint_one_cm":59604,"minecraft:damage_taken":906,"minecraft:walk_one_cm":77054,"minecraft:damage_blocked_by_shield":430,"minecraft:drop":4,"minecraft:damage_dealt":1042,"minecraft:swim_one_cm":10459,"minecraft:talked_to_villager":1,"minecraft:fly_one_cm":59381,"minecraft:open_chest":23,"minecraft:crouch_one_cm":1946,"minecraft:play_time":73500,"minecraft:deaths":2,"minecraft:sneak_time":1029,"minecraft:walk_under_water_one_cm":3452,"minecraft:boat_one_cm":185121,"minecraft:jump":351,"minecraft:walk_on_water_one_cm":2834,"minecraft:total_world_time":73500,"minecraft:fall_one_cm":22898},"minecraft:mined":{"minecraft:dark_oak_planks":3,"minecraft:red_bed":1,"minecraft:stripped_dark_oak_log":1,"minecraft:jungle_leaves":1,"minecraft:dark_oak_log":6,"minecraft:crafting_table":2,"minecraft:cave_vines_plant":1,"minecraft:moss_block":1,"minecraft:cave_vines":1,"minecraft:stone":14,"minecraft:white_wool":6,"minecraft:oak_leaves":5},"minecraft:used":{"minecraft:moss_block":1,"minecraft:wooden_pickaxe":14,"minecraft:shield":9,"naturalist:duck_egg":1,"minecraft:white_wool":3,"minecraft:crafting_table":2,"minecraft:red_bed":1,"minecraft:shears":6,"minecraft:bread":5,"minecraft:stone_axe":18,"minecraft:dark_oak_boat":2,"minecraft:furnace":1,"minecraft:oak_sapling":1},"minecraft:dropped":{"minecraft:poppy":2,"minecraft:leather_boots":1,"minecraft:leather_leggings":1},"minecraft:picked_up":{"minecraft:crafting_table":4,"minecraft:leather_chestplate":2,"minecraft:wheat":20,"minecraft:leather_leggings":4,"artifacts:bunny_hoppers":2,"minecraft:dark_oak_boat":2,"minecraft:wooden_pickaxe":2,"minecraft:potato":50,"minecraft:shield":2,"minecraft:red_bed":1,"minecraft:wooden_sword":2,"minecraft:leather_boots":4,"minecraft:apple":46,"minecraft:gold_nugget":4,"minecraft:iron_ingot":4,"minecraft:stone_pickaxe":2,"minecraft:poppy":2,"minecraft:moss_block":1,"minecraft:stick":4,"minecraft:dark_oak_sapling":1,"minecraft:copper_ingot":1,"minecraft:porkchop":6,"naturalist:duck_egg":1,"minecraft:dark_oak_log":6,"minecraft:leather_helmet":2,"minecraft:dark_oak_planks":3,"minecraft:rotten_flesh":1,"minecraft:stone_axe":2,"minecraft:shears":2,"minecraft:bread":24,"minecraft:emerald":8,"minecraft:oak_sapling":1,"minecraft:stripped_dark_oak_log":2,"minecraft:mutton":2,"minecraft:coal":8,"minecraft:white_wool":14,"minecraft:cobblestone":30},"minecraft:killed_by":{"minecraft:player":2},"minecraft:crafted":{"minecraft:crafting_table":1,"minecraft:dark_oak_boat":1,"minecraft:wooden_pickaxe":1,"minecraft:furnace":1,"minecraft:stone_axe":1,"minecraft:bread":1,"minecraft:stick":12,"minecraft:stone_pickaxe":1,"minecraft:iron_pickaxe":1,"minecraft:dark_oak_planks":24},"minecraft:killed":{"minecraft:iron_golem":1}},"DataVersion":3465}