{"stats":{"minecraft:picked_up":{"minecraft:stick":1,"minecraft:wheat_seeds":1,"minecraft:dirt":2},"minecraft:custom":{"minecraft:jump":71,"minecraft:time_since_rest":3304,"minecraft:leave_game":1,"minecraft:crouch_one_cm":13,"minecraft:sprint_one_cm":1677,"minecraft:play_time":3304,"minecraft:damage_taken":30,"minecraft:time_since_death":3304,"minecraft:walk_one_cm":6954,"minecraft:sneak_time":32,"minecraft:total_world_time":3304,"minecraft:fall_one_cm":778,"minecraft:fly_one_cm":1930},"minecraft:mined":{"minecraft:grass":6,"minecraft:grass_block":2,"minecraft:oak_leaves":3,"minecraft:fern":2}},"DataVersion":3465}