{"stats":{"minecraft:mined":{"minecraft:stripped_dark_oak_log":1,"minecraft:jungle_leaves":1,"minecraft:dark_oak_log":5,"minecraft:crafting_table":1,"minecraft:cave_vines_plant":1,"minecraft:cave_vines":1,"minecraft:stone":14,"minecraft:moss_block":1,"minecraft:white_wool":3,"minecraft:oak_leaves":5},"minecraft:custom":{"minecraft:time_since_rest":9968,"minecraft:waystone_activated":1,"minecraft:sprint_one_cm":38318,"minecraft:damage_taken":217,"minecraft:walk_one_cm":55172,"minecraft:interact_with_crafting_table":5,"minecraft:fly_one_cm":40101,"minecraft:open_chest":22,"minecraft:crouch_one_cm":1402,"minecraft:play_time":37500,"minecraft:sneak_time":753,"minecraft:walk_under_water_one_cm":1860,"minecraft:boat_one_cm":35047,"minecraft:jump":221,"minecraft:leave_game":2,"minecraft:walk_on_water_one_cm":717,"minecraft:time_since_death":37500,"minecraft:sleep_in_bed":2,"minecraft:total_world_time":37500,"minecraft:fall_one_cm":15786},"minecraft:used":{"minecraft:moss_block":1,"minecraft:bread":4,"minecraft:wooden_pickaxe":14,"minecraft:stone_axe":1,"minecraft:dark_oak_boat":1,"minecraft:crafting_table":1,"minecraft:oak_sapling":1,"minecraft:shears":3},"minecraft:picked_up":{"minecraft:dark_oak_sapling":1,"minecraft:crafting_table":1,"minecraft:dark_oak_log":5,"minecraft:oak_sapling":1,"minecraft:moss_block":1,"minecraft:stripped_dark_oak_log":1,"minecraft:white_wool":3,"minecraft:cobblestone":14},"minecraft:crafted":{"minecraft:dark_oak_boat":1,"minecraft:crafting_table":1,"minecraft:stick":8,"minecraft:wooden_pickaxe":1,"minecraft:stone_pickaxe":1,"minecraft:dark_oak_planks":20,"minecraft:stone_axe":1,"minecraft:bread":1}},"DataVersion":3465}