{"stats":{"minecraft:dropped":{"minecraft:poppy":2,"minecraft:leather_boots":1,"minecraft:leather_leggings":1},"minecraft:broken":{"minecraft:stone_axe":1},"minecraft:mined":{"minecraft:dark_oak_planks":3,"minecraft:red_bed":5,"minecraft:stripped_dark_oak_log":1,"minecraft:jungle_leaves":1,"minecraft:dark_oak_log":6,"minecraft:crafting_table":8,"minecraft:cave_vines_plant":1,"minecraft:grass_block":1,"minecraft:spruce_leaves":1,"minecraft:moss_block":1,"minecraft:furnace":1,"minecraft:grass":2,"minecraft:oak_log":6,"minecraft:cave_vines":1,"minecraft:dirt":7,"minecraft:stone":22,"minecraft:white_wool":6,"minecraft:oak_leaves":9,"minecraft:fern":5},"minecraft:custom":{"minecraft:interact_with_furnace":8,"minecraft:mob_kills":23,"minecraft:interact_with_crafting_table":21,"minecraft:open_barrel":4,"minecraft:interact_with_campfire":4,"minecraft:leave_game":4,"minecraft:time_since_death":106612,"minecraft:sleep_in_bed":16,"minecraft:climb_one_cm":8412,"minecraft:time_since_rest":2932,"minecraft:waystone_activated":1,"minecraft:sprint_one_cm":195276,"minecraft:damage_taken":1120,"minecraft:walk_one_cm":171881,"minecraft:damage_blocked_by_shield":565,"minecraft:drop":4,"minecraft:damage_dealt":4633,"minecraft:swim_one_cm":28114,"minecraft:talked_to_villager":2,"minecraft:fly_one_cm":242024,"minecraft:open_chest":58,"minecraft:crouch_one_cm":3123,"minecraft:play_time":162339,"minecraft:deaths":2,"minecraft:sneak_time":1847,"minecraft:walk_under_water_one_cm":6827,"minecraft:boat_one_cm":185121,"minecraft:jump":1301,"minecraft:interact_with_blast_furnace":1,"minecraft:walk_on_water_one_cm":9823,"minecraft:total_world_time":162339,"minecraft:fall_one_cm":94054},"minecraft:crafted":{"minecraft:cooked_beef":7,"minecraft:oak_planks":24,"minecraft:cooked_porkchop":4,"minecraft:crafting_table":1,"minecraft:dark_oak_boat":1,"minecraft:wooden_pickaxe":1,"grapplemod:grappling_hook":1,"usefulbackpacks:backpack_small":1,"minecraft:furnace":1,"minecraft:stone_axe":2,"minecraft:bread":1,"minecraft:air":0,"mcda:emerald_gear_helmet":1,"minecraft:stick":16,"usefulbackpacks:backpack_large":1,"minecraft:stone_pickaxe":1,"minecraft:iron_pickaxe":1,"usefulbackpacks:backpack_medium":1,"minecraft:dark_oak_planks":24},"minecraft:picked_up":{"minecraft:wheat":20,"minecraft:crafting_table":10,"minecraft:leather_chestplate":2,"minecraft:leather_leggings":4,"artifacts:bunny_hoppers":2,"minecraft:leather":12,"minecraft:dark_oak_boat":2,"minecraft:wooden_pickaxe":2,"minecraft:potato":50,"minecraft:oak_log":6,"minecraft:shield":2,"minecraft:dirt":8,"minecraft:string":1,"minecraft:red_bed":5,"minecraft:wooden_sword":2,"naturalist:bass":1,"minecraft:leather_boots":4,"minecraft:bone":4,"minecraft:apple":46,"minecraft:gold_nugget":4,"minecraft:iron_ingot":4,"minecraft:beef":18,"minecraft:stone_pickaxe":2,"minecraft:poppy":2,"minecraft:moss_block":1,"minecraft:egg":6,"minecraft:furnace":1,"minecraft:dark_oak_sapling":1,"minecraft:stick":4,"minecraft:copper_ingot":1,"minecraft:porkchop":7,"minecraft:dark_oak_log":6,"naturalist:duck_egg":1,"minecraft:leather_helmet":2,"minecraft:dark_oak_planks":3,"minecraft:arrow":3,"minecraft:rotten_flesh":1,"minecraft:stone_axe":2,"minecraft:shears":2,"minecraft:emerald":8,"minecraft:bread":24,"minecraft:oak_sapling":1,"minecraft:mutton":2,"minecraft:stripped_dark_oak_log":2,"minecraft:coal":10,"minecraft:white_wool":27,"minecraft:cobblestone":38},"minecraft:used":{"minecraft:moss_block":1,"minecraft:water_bucket":2,"minecraft:stone_pickaxe":9,"minecraft:wooden_pickaxe":14,"minecraft:shield":14,"naturalist:duck_egg":1,"minecraft:white_wool":3,"minecraft:dirt":5,"minecraft:crafting_table":7,"minecraft:red_bed":4,"minecraft:shears":6,"minecraft:apple":1,"minecraft:bread":8,"minecraft:stone_axe":82,"minecraft:dark_oak_boat":2,"minecraft:furnace":1,"minecraft:oak_sapling":1,"minecraft:cooked_porkchop":4,"minecraft:bucket":2},"minecraft:killed_by":{"minecraft:player":2},"minecraft:killed":{"minecraft:spider":1,"minecraft:iron_golem":1,"naturalist:boar":1,"minecraft:skeleton":1,"naturalist:alligator":2,"minecraft:zombie":8,"minecraft:cow":8}},"DataVersion":3465}