{"stats":{"minecraft:mined":{"minecraft:jungle_leaves":1,"minecraft:dark_oak_log":5,"minecraft:crafting_table":1,"minecraft:cave_vines_plant":1,"minecraft:cave_vines":1,"minecraft:stone":14,"minecraft:moss_block":1,"minecraft:oak_leaves":5},"minecraft:custom":{"minecraft:time_since_rest":677,"minecraft:waystone_activated":1,"minecraft:sprint_one_cm":33725,"minecraft:damage_taken":110,"minecraft:walk_one_cm":48165,"minecraft:interact_with_crafting_table":5,"minecraft:fly_one_cm":36061,"minecraft:open_chest":18,"minecraft:crouch_one_cm":749,"minecraft:play_time":28209,"minecraft:sneak_time":507,"minecraft:walk_under_water_one_cm":1760,"minecraft:boat_one_cm":35047,"minecraft:jump":202,"minecraft:leave_game":2,"minecraft:walk_on_water_one_cm":532,"minecraft:time_since_death":28209,"minecraft:sleep_in_bed":2,"minecraft:total_world_time":28209,"minecraft:fall_one_cm":14622},"minecraft:used":{"minecraft:moss_block":1,"minecraft:bread":4,"minecraft:wooden_pickaxe":14,"minecraft:stone_axe":1,"minecraft:dark_oak_boat":1,"minecraft:crafting_table":1,"minecraft:oak_sapling":1},"minecraft:picked_up":{"minecraft:dark_oak_sapling":1,"minecraft:crafting_table":1,"minecraft:dark_oak_log":5,"minecraft:oak_sapling":1,"minecraft:moss_block":1,"minecraft:cobblestone":14},"minecraft:crafted":{"minecraft:dark_oak_boat":1,"minecraft:crafting_table":1,"minecraft:stick":8,"minecraft:wooden_pickaxe":1,"minecraft:stone_pickaxe":1,"minecraft:dark_oak_planks":20,"minecraft:stone_axe":1,"minecraft:bread":1}},"DataVersion":3465}