{"stats":{"minecraft:custom":{"minecraft:interact_with_furnace":6,"minecraft:mob_kills":5,"minecraft:interact_with_crafting_table":10,"minecraft:leave_game":1,"minecraft:time_since_death":44411,"minecraft:sleep_in_bed":2,"minecraft:climb_one_cm":85,"minecraft:time_since_rest":14549,"minecraft:sprint_one_cm":26615,"minecraft:damage_taken":128,"minecraft:walk_one_cm":58266,"minecraft:damage_blocked_by_shield":255,"minecraft:drop":9,"minecraft:damage_dealt":2372,"minecraft:swim_one_cm":8718,"minecraft:talked_to_villager":1,"minecraft:fly_one_cm":43787,"minecraft:player_kills":2,"minecraft:open_chest":12,"minecraft:crouch_one_cm":5409,"minecraft:play_time":44411,"minecraft:sneak_time":2605,"minecraft:walk_under_water_one_cm":5255,"minecraft:jump":369,"minecraft:walk_on_water_one_cm":10005,"minecraft:total_world_time":44411,"minecraft:fall_one_cm":6555},"minecraft:mined":{"minecraft:dark_oak_planks":3,"minecraft:red_bed":2,"minecraft:deepslate_brick_wall":2,"minecraft:soul_fire":2,"minecraft:stripped_dark_oak_log":1,"minecraft:dark_oak_log":5,"minecraft:crafting_table":2,"minecraft:cave_vines_plant":1,"minecraft:tall_grass":1,"minecraft:cobblestone":2,"minecraft:moss_block":2,"minecraft:skeleton_skull":1,"minecraft:coarse_dirt":4,"minecraft:iron_ore":15,"minecraft:coal_ore":11,"minecraft:cave_vines":1,"minecraft:stone":19},"minecraft:used":{"minecraft:deepslate_brick_wall":2,"minecraft:moss_block":2,"minecraft:water_bucket":14,"minecraft:stone_pickaxe":41,"minecraft:shield":3,"minecraft:wooden_pickaxe":14,"minecraft:glow_berries":1,"minecraft:crafting_table":3,"minecraft:red_bed":1,"minecraft:dark_oak_planks":9,"minecraft:wooden_axe":3,"minecraft:bread":4,"mcdw:sword_katana":5,"minecraft:stone_axe":5,"minecraft:wooden_sword":53,"minecraft:cobblestone":5,"minecraft:furnace":1,"minecraft:bucket":15,"minecraft:coarse_dirt":4},"minecraft:dropped":{"minecraft:rotten_flesh":4,"minecraft:stick":1,"minecraft:poppy":2,"minecraft:wooden_axe":1,"minecraft:leather_boots":1,"minecraft:wooden_sword":1,"minecraft:wooden_pickaxe":1},"minecraft:picked_up":{"minecraft:crafting_table":2,"minecraft:coarse_dirt":4,"minecraft:red_bed":2,"minecraft:wooden_sword":1,"minecraft:leather_boots":1,"minecraft:iron_ingot":5,"minecraft:poppy":2,"minecraft:moss_block":2,"minecraft:raw_iron":15,"minecraft:deepslate_brick_wall":2,"minecraft:dark_oak_log":5,"minecraft:dark_oak_planks":7,"minecraft:rotten_flesh":4,"minecraft:bread":24,"minecraft:glow_berries":1,"minecraft:stripped_dark_oak_log":2,"minecraft:coal":11,"minecraft:skeleton_skull":1,"minecraft:cobblestone":21},"minecraft:crafted":{"minecraft:crafting_table":1,"minecraft:wooden_pickaxe":1,"minecraft:furnace":1,"minecraft:bucket":1,"minecraft:stone_axe":1,"mcdw:sword_katana":1,"minecraft:air":0,"minecraft:dark_oak_door":3,"minecraft:stick":16,"minecraft:iron_ingot":3,"minecraft:iron_pickaxe":1,"minecraft:stone_pickaxe":1,"minecraft:wooden_axe":1,"minecraft:dark_oak_planks":28},"minecraft:killed":{"minecraft:iron_golem":1,"minecraft:drowned":3,"minecraft:player":2}},"DataVersion":3465}