{"stats":{"minecraft:custom":{"minecraft:jump":19,"minecraft:open_chest":5,"minecraft:time_since_rest":8411,"minecraft:damage_dealt":7,"minecraft:crouch_one_cm":664,"minecraft:sprint_one_cm":575,"minecraft:leave_game":1,"minecraft:play_time":8411,"minecraft:walk_on_water_one_cm":623,"minecraft:time_since_death":8411,"minecraft:walk_one_cm":11291,"minecraft:sneak_time":427,"minecraft:total_world_time":8411,"minecraft:walk_under_water_one_cm":1760,"minecraft:fall_one_cm":538,"minecraft:fly_one_cm":2910}},"DataVersion":3465}