{"stats":{"minecraft:custom":{"minecraft:interact_with_furnace":11,"minecraft:mob_kills":21,"minecraft:interact_with_crafting_table":14,"minecraft:open_barrel":1,"minecraft:leave_game":1,"minecraft:time_since_death":62328,"minecraft:sleep_in_bed":3,"minecraft:climb_one_cm":426,"minecraft:time_since_rest":17362,"minecraft:sprint_one_cm":40172,"minecraft:damage_taken":420,"minecraft:walk_one_cm":86453,"minecraft:damage_blocked_by_shield":645,"minecraft:drop":30,"minecraft:damage_dealt":4405,"minecraft:swim_one_cm":8920,"minecraft:talked_to_villager":1,"minecraft:fly_one_cm":67442,"minecraft:player_kills":2,"minecraft:open_chest":23,"minecraft:crouch_one_cm":8504,"minecraft:play_time":62328,"minecraft:sneak_time":4122,"minecraft:walk_under_water_one_cm":6264,"minecraft:jump":596,"minecraft:walk_on_water_one_cm":17138,"minecraft:total_world_time":62328,"minecraft:fall_one_cm":11865},"minecraft:mined":{"minecraft:dark_oak_planks":3,"minecraft:red_bed":3,"minecraft:deepslate_diamond_ore":1,"minecraft:deepslate_brick_wall":2,"minecraft:soul_fire":2,"minecraft:stripped_dark_oak_log":1,"minecraft:dark_oak_log":5,"minecraft:crafting_table":3,"minecraft:cave_vines_plant":1,"galosphere:silver_ore":3,"minecraft:deepslate_bricks":3,"minecraft:tall_grass":1,"minecraft:cobblestone":2,"minecraft:moss_block":2,"minecraft:cracked_deepslate_bricks":1,"minecraft:skeleton_skull":1,"minecraft:coarse_dirt":4,"minecraft:furnace":1,"minecraft:iron_ore":26,"minecraft:polished_deepslate":2,"minecraft:grass":6,"minecraft:deepslate_iron_ore":4,"minecraft:coal_ore":11,"minecraft:cave_vines":1,"minecraft:azalea":2,"minecraft:stone":20,"minecraft:deepslate":8},"minecraft:used":{"minecraft:deepslate_brick_wall":2,"minecraft:azalea":1,"minecraft:moss_block":2,"minecraft:water_bucket":35,"minecraft:polished_deepslate":1,"minecraft:stone_pickaxe":41,"minecraft:shield":15,"minecraft:wooden_pickaxe":14,"minecraft:deepslate_bricks":3,"minecraft:glow_berries":1,"minecraft:crafting_table":4,"minecraft:red_bed":3,"minecraft:dark_oak_planks":9,"minecraft:wooden_axe":3,"minecraft:bread":10,"minecraft:iron_pickaxe":35,"mcdw:sword_katana":5,"mcdw:soul_dagger_soul_knife":45,"minecraft:stone_axe":7,"minecraft:wooden_sword":53,"minecraft:cobblestone":8,"minecraft:furnace":2,"minecraft:bucket":36,"minecraft:coarse_dirt":4,"minecraft:cobbled_deepslate":3},"minecraft:dropped":{"mcdw:sword_katana":1,"minecraft:iron_sword":1,"minecraft:stone_axe":1,"minecraft:stone_sword":1,"artifacts:aqua_dashers":1,"minecraft:rotten_flesh":4,"minecraft:stick":2,"minecraft:poppy":2,"minecraft:skeleton_skull":1,"minecraft:wooden_hoe":1,"minecraft:wooden_axe":1,"minecraft:leather_leggings":1,"minecraft:leather_boots":1,"minecraft:chain":1,"minecraft:music_disc_strad":1,"minecraft:wooden_sword":2,"minecraft:iron_axe":2,"minecraft:arrow":1,"minecraft:stone_pickaxe":1,"minecraft:wooden_pickaxe":1,"minecraft:cracked_deepslate_bricks":1,"minecraft:chainmail_leggings":1,"minecraft:bone":2,"galosphere:silver_ingot":3},"minecraft:picked_up":{"minecraft:crafting_table":3,"minecraft:coarse_dirt":4,"minecraft:leather_leggings":1,"minecraft:chainmail_chestplate":1,"minecraft:polished_deepslate":1,"minecraft:red_bed":3,"minecraft:wooden_sword":1,"minecraft:leather_boots":1,"minecraft:bone":20,"minecraft:cobbled_deepslate":8,"artifacts:aqua_dashers":1,"minecraft:iron_ingot":5,"minecraft:azalea":1,"minecraft:poppy":2,"galosphere:raw_silver":3,"minecraft:moss_block":2,"minecraft:furnace":1,"minecraft:raw_iron":30,"minecraft:deepslate_brick_wall":2,"minecraft:stone_sword":1,"minecraft:arrow":17,"minecraft:dark_oak_log":5,"minecraft:dark_oak_planks":7,"minecraft:rotten_flesh":4,"minecraft:diamond":1,"minecraft:chainmail_leggings":2,"minecraft:deepslate_bricks":3,"minecraft:cracked_deepslate_bricks":1,"minecraft:bread":24,"minecraft:glow_berries":1,"minecraft:stripped_dark_oak_log":2,"minecraft:coal":19,"minecraft:skeleton_skull":2,"minecraft:cobblestone":22},"minecraft:crafted":{"minecraft:crafting_table":1,"minecraft:wooden_pickaxe":1,"minecraft:furnace":1,"minecraft:bucket":1,"minecraft:stone_axe":1,"mcdw:sword_katana":1,"minecraft:air":0,"minecraft:dark_oak_door":3,"minecraft:wooden_hoe":1,"minecraft:iron_chestplate":1,"minecraft:stick":16,"mcdw:sickle_sickle":1,"minecraft:iron_ingot":15,"minecraft:iron_pickaxe":1,"minecraft:stone_pickaxe":1,"minecraft:wooden_axe":1,"galosphere:silver_ingot":3,"minecraft:dark_oak_planks":28},"minecraft:killed":{"minecraft:iron_golem":1,"minecraft:skeleton":15,"minecraft:drowned":3,"minecraft:player":2}},"DataVersion":3465}