{"stats":{"minecraft:custom":{"minecraft:jump":24,"minecraft:open_chest":5,"minecraft:time_since_rest":7662,"minecraft:damage_dealt":7,"minecraft:crouch_one_cm":739,"minecraft:sprint_one_cm":1234,"minecraft:leave_game":1,"minecraft:play_time":20411,"minecraft:walk_on_water_one_cm":623,"minecraft:time_since_death":20411,"minecraft:walk_one_cm":13991,"minecraft:sleep_in_bed":1,"minecraft:sneak_time":436,"minecraft:total_world_time":20411,"minecraft:walk_under_water_one_cm":1760,"minecraft:fall_one_cm":538,"minecraft:fly_one_cm":4038}},"DataVersion":3465}