{"stats":{"minecraft:dropped":{"mcdw:sword_katana":1,"minecraft:clay":2,"minecraft:iron_sword":1,"minecraft:moss_block":1,"minecraft:oak_fence":1,"minecraft:cobblestone":7,"minecraft:rail":1,"minecraft:stick":2,"minecraft:emerald":3,"artifacts:night_vision_goggles":1,"minecraft:iron_block":1,"minecraft:wooden_hoe":1,"minecraft:wooden_axe":1,"minecraft:bone_meal":1,"minecraft:chain":1,"minecraft:music_disc_strad":1,"minecraft:wooden_sword":2,"minecraft:iron_axe":2,"minecraft:iron_pickaxe":1,"artifacts:rooted_boots":1,"minecraft:iron_shovel":1,"minecraft:chainmail_leggings":4,"minecraft:string":3,"minecraft:polished_deepslate":2,"minecraft:bone":17,"minecraft:redstone":5,"minecraft:stone_axe":1,"minecraft:stone_sword":1,"minecraft:cobbled_deepslate":1,"artifacts:aqua_dashers":1,"minecraft:obsidian":4,"minecraft:raw_iron":15,"minecraft:rotten_flesh":4,"minecraft:clay_ball":4,"minecraft:chainmail_chestplate":2,"minecraft:poppy":4,"minecraft:flower_pot":1,"minecraft:skeleton_skull":2,"minecraft:iron_chestplate":1,"minecraft:azalea":1,"minecraft:leather_boots":1,"minecraft:leather_leggings":1,"minecraft:spider_eye":1,"minecraft:arrow":1,"minecraft:bow":2,"minecraft:stone_pickaxe":1,"minecraft:wooden_pickaxe":1,"minecraft:cracked_deepslate_bricks":4,"galosphere:silver_ingot":3},"minecraft:broken":{"minecraft:shield":1,"minecraft:leather_boots":1},"minecraft:mined":{"minecraft:dark_oak_planks":8,"minecraft:deepslate_diamond_ore":5,"minecraft:dark_oak_log":5,"minecraft:cave_vines_plant":2,"minecraft:deepslate_bricks":18,"minecraft:moss_block":3,"minecraft:magma_block":2,"minecraft:furnace":1,"minecraft:iron_ore":26,"minecraft:cobbled_deepslate":3,"minecraft:polished_deepslate":8,"minecraft:cave_vines":2,"minecraft:deepslate_iron_ore":4,"minecraft:azalea":2,"minecraft:stone":20,"minecraft:deepslate_redstone_ore":1,"minecraft:red_bed":4,"minecraft:deepslate_brick_wall":2,"minecraft:soul_fire":2,"minecraft:stripped_dark_oak_log":1,"minecraft:oak_fence":2,"minecraft:clay":1,"minecraft:crafting_table":5,"minecraft:dark_oak_wood":20,"galosphere:silver_ore":3,"minecraft:tall_grass":3,"minecraft:cobblestone":13,"minecraft:oak_planks":4,"minecraft:cracked_deepslate_bricks":3,"minecraft:skeleton_skull":1,"minecraft:coarse_dirt":4,"minecraft:grass":13,"minecraft:cracked_deepslate_tiles":4,"minecraft:coal_ore":11,"minecraft:deepslate":10},"minecraft:custom":{"minecraft:interact_with_anvil":1,"minecraft:mob_kills":63,"minecraft:interact_with_crafting_table":17,"minecraft:open_barrel":5,"minecraft:leave_game":2,"minecraft:time_since_death":133604,"minecraft:climb_one_cm":1966,"minecraft:sprint_one_cm":122638,"minecraft:walk_one_cm":218737,"minecraft:damage_blocked_by_shield":3285,"minecraft:drop":71,"minecraft:talked_to_villager":4,"minecraft:target_hit":3,"minecraft:play_time":133604,"minecraft:sneak_time":6026,"minecraft:walk_under_water_one_cm":8806,"minecraft:jump":1485,"minecraft:walk_on_water_one_cm":21522,"minecraft:total_world_time":133604,"minecraft:interact_with_furnace":19,"minecraft:sleep_in_bed":3,"minecraft:time_since_rest":88638,"minecraft:damage_taken":2272,"minecraft:damage_dealt":11397,"minecraft:swim_one_cm":9270,"minecraft:fly_one_cm":163440,"minecraft:player_kills":2,"minecraft:open_chest":50,"minecraft:crouch_one_cm":12381,"minecraft:fall_one_cm":27211},"minecraft:crafted":{"minecraft:furnace":1,"minecraft:dark_oak_door":3,"mcdw:sickle_sickle":1,"minecraft:stone_pickaxe":1,"galosphere:silver_ingot":3,"minecraft:dark_oak_planks":104,"minecraft:crafting_table":2,"minecraft:wooden_pickaxe":1,"minecraft:bucket":1,"minecraft:stone_axe":1,"mcdw:sword_katana":1,"minecraft:air":0,"minecraft:wooden_hoe":1,"minecraft:iron_chestplate":1,"minecraft:shield":1,"minecraft:stick":16,"minecraft:iron_ingot":24,"minecraft:iron_pickaxe":1,"minecraft:wooden_axe":1},"minecraft:picked_up":{"minecraft:coarse_dirt":4,"minecraft:crafting_table":5,"artifacts:night_vision_goggles":2,"minecraft:flower_pot":1,"minecraft:clay_ball":4,"minecraft:leather_leggings":1,"minecraft:polished_deepslate":7,"minecraft:moss_carpet":2,"minecraft:string":3,"minecraft:red_bed":4,"minecraft:wooden_sword":1,"minecraft:tnt_minecart":2,"minecraft:cobbled_deepslate":18,"artifacts:aqua_dashers":1,"minecraft:azalea":2,"minecraft:poppy":4,"minecraft:furnace":1,"minecraft:raw_iron":30,"minecraft:deepslate_brick_wall":2,"minecraft:oak_fence":2,"minecraft:redstone":5,"minecraft:dark_oak_planks":12,"minecraft:rotten_flesh":4,"minecraft:stone_sword":2,"minecraft:arrow":45,"minecraft:tropical_fish":3,"minecraft:deepslate_bricks":18,"minecraft:iron_block":1,"minecraft:cracked_deepslate_bricks":4,"minecraft:glow_berries":1,"minecraft:rail":1,"minecraft:skeleton_skull":4,"minecraft:cobblestone":32,"minecraft:cracked_deepslate_tiles":4,"minecraft:magma_block":2,"artifacts:thorn_pendant":1,"minecraft:chainmail_chestplate":2,"minecraft:leather_boots":1,"minecraft:bone":43,"minecraft:bow":2,"minecraft:iron_ingot":13,"galosphere:raw_silver":3,"minecraft:moss_block":9,"minecraft:oak_planks":4,"minecraft:spider_eye":1,"minecraft:dark_oak_log":5,"minecraft:clay":2,"minecraft:diamond":5,"minecraft:chainmail_leggings":4,"minecraft:bone_meal":1,"minecraft:bread":24,"minecraft:stripped_dark_oak_log":2,"minecraft:dark_oak_wood":20,"minecraft:coal":19,"minecraft:ender_pearl":3},"minecraft:used":{"minecraft:oak_fence":1,"minecraft:azalea":1,"minecraft:moss_block":2,"minecraft:polished_deepslate":5,"minecraft:tropical_fish":3,"minecraft:shield":94,"minecraft:cracked_deepslate_tiles":4,"minecraft:obsidian":2,"minecraft:wooden_axe":3,"minecraft:dark_oak_planks":78,"minecraft:iron_axe":37,"minecraft:dark_oak_wood":1,"minecraft:bow":8,"minecraft:magma_block":1,"minecraft:furnace":2,"minecraft:skeleton_skull":1,"minecraft:cobbled_deepslate":12,"minecraft:deepslate_brick_wall":2,"minecraft:water_bucket":47,"minecraft:stone_pickaxe":41,"minecraft:wooden_pickaxe":14,"minecraft:deepslate_bricks":3,"minecraft:glow_berries":1,"minecraft:crafting_table":6,"minecraft:red_bed":4,"minecraft:bread":46,"minecraft:iron_pickaxe":85,"mcdw:sword_katana":5,"mcdw:soul_dagger_soul_knife":170,"minecraft:stone_axe":7,"minecraft:wooden_sword":53,"minecraft:cobblestone":11,"minecraft:bucket":48,"minecraft:coarse_dirt":4},"minecraft:killed":{"minecraft:spider":1,"minecraft:skeleton":47,"minecraft:drowned":3,"artifacts:mimic":1,"minecraft:iron_golem":3,"minecraft:zombie":2,"minecraft:player":2,"minecraft:enderman":3}},"DataVersion":3465}