{"stats":{"minecraft:mined":{"minecraft:dark_oak_log":5,"minecraft:crafting_table":1},"minecraft:custom":{"minecraft:time_since_rest":2549,"minecraft:interact_with_furnace":2,"minecraft:sprint_one_cm":6513,"minecraft:damage_taken":68,"minecraft:walk_one_cm":31518,"minecraft:damage_blocked_by_shield":225,"minecraft:mob_kills":4,"minecraft:drop":6,"minecraft:damage_dealt":2207,"minecraft:swim_one_cm":6808,"minecraft:interact_with_crafting_table":5,"minecraft:fly_one_cm":11957,"minecraft:player_kills":2,"minecraft:open_chest":9,"minecraft:crouch_one_cm":1471,"minecraft:play_time":32411,"minecraft:sneak_time":1221,"minecraft:walk_under_water_one_cm":4271,"minecraft:jump":127,"minecraft:leave_game":1,"minecraft:walk_on_water_one_cm":4323,"minecraft:time_since_death":32411,"minecraft:sleep_in_bed":2,"minecraft:total_world_time":32411,"minecraft:fall_one_cm":1552},"minecraft:used":{"minecraft:wooden_axe":3,"minecraft:dark_oak_planks":6,"minecraft:bread":2,"mcdw:sword_katana":1,"minecraft:shield":2,"minecraft:wooden_sword":53,"minecraft:crafting_table":1},"minecraft:dropped":{"minecraft:poppy":2,"minecraft:leather_boots":1,"minecraft:rotten_flesh":4,"minecraft:wooden_sword":1},"minecraft:picked_up":{"minecraft:crafting_table":1,"minecraft:dark_oak_log":5,"minecraft:dark_oak_planks":4,"minecraft:wooden_sword":1,"minecraft:leather_boots":1,"minecraft:rotten_flesh":4,"minecraft:iron_ingot":5,"minecraft:bread":24,"minecraft:poppy":2,"minecraft:stripped_dark_oak_log":1},"minecraft:crafted":{"minecraft:crafting_table":1,"minecraft:stick":4,"minecraft:wooden_axe":1,"minecraft:bucket":1,"minecraft:dark_oak_planks":24,"mcdw:sword_katana":1},"minecraft:killed":{"minecraft:iron_golem":1,"minecraft:drowned":3,"minecraft:player":2}},"DataVersion":3465}