{"stats":{"minecraft:picked_up":{"minecraft:book":63,"minecraft:birch_log":5,"minecraft:iron_chestplate":1,"minecraft:chiseled_stone_bricks":1,"minecraft:leather":2,"minecraft:white_bed":2,"minecraft:string":3,"minecraft:iron_leggings":1,"minecraft:bone":2,"minecraft:rotten_flesh":4,"minecraft:lever":1,"minecraft:beef":2,"minecraft:emerald":12,"minecraft:baked_potato":2,"minecraft:cobblestone":14,"minecraft:egg":1},"minecraft:used":{"minecraft:stone_sword":10,"minecraft:stone_pickaxe":2,"minecraft:baked_potato":2,"minecraft:wooden_pickaxe":13,"minecraft:rotten_flesh":1,"minecraft:iron_chestplate":1,"minecraft:stone_axe":36,"minecraft:beef":2,"minecraft:crafting_table":1,"minecraft:iron_leggings":1},"minecraft:crafted":{"minecraft:crafting_table":1,"minecraft:stick":8,"minecraft:wooden_pickaxe":1,"minecraft:stone_pickaxe":1,"minecraft:stone_sword":1,"minecraft:birch_planks":20,"minecraft:stone_axe":1},"minecraft:mined":{"minecraft:white_bed":2,"minecraft:dark_oak_leaves":5,"minecraft:birch_log":5,"minecraft:birch_leaves":3,"minecraft:lever":1,"minecraft:bookshelf":21,"minecraft:grass_block":1,"minecraft:vine":2,"minecraft:cobblestone":1,"minecraft:stone":13,"minecraft:chiseled_stone_bricks":1,"minecraft:tripwire":2},"minecraft:custom":{"minecraft:time_since_rest":12046,"minecraft:interact_with_furnace":1,"minecraft:sprint_one_cm":21361,"minecraft:damage_taken":267,"minecraft:walk_one_cm":38773,"minecraft:mob_kills":4,"minecraft:damage_dealt":979,"minecraft:talked_to_villager":4,"minecraft:interact_with_crafting_table":2,"minecraft:fly_one_cm":45521,"minecraft:open_chest":6,"minecraft:crouch_one_cm":5600,"minecraft:play_time":12046,"minecraft:sneak_time":1567,"minecraft:jump":303,"minecraft:leave_game":1,"minecraft:walk_on_water_one_cm":598,"minecraft:time_since_death":12046,"minecraft:climb_one_cm":1749,"minecraft:total_world_time":12046,"minecraft:fall_one_cm":10597,"minecraft:inspect_dispenser":2},"minecraft:killed":{"minecraft:skeleton":1,"minecraft:zombie":1,"minecraft:spider":1,"minecraft:cow":1}},"DataVersion":3465}