{"stats":{"minecraft:picked_up":{"minecraft:birch_log":5,"minecraft:iron_chestplate":1,"minecraft:leather":2,"minecraft:enchanted_book":1,"minecraft:string":3,"minecraft:dirt":11,"minecraft:iron_leggings":1,"minecraft:bone":2,"minecraft:chipped_anvil":1,"minecraft:wheat_seeds":1,"minecraft:beef":2,"minecraft:iron_ingot":6,"minecraft:poppy":2,"minecraft:egg":1,"minecraft:book":64,"minecraft:chiseled_stone_bricks":1,"minecraft:white_bed":2,"minecraft:rotten_flesh":4,"minecraft:lever":1,"minecraft:emerald":15,"minecraft:baked_potato":2,"minecraft:cobblestone":14},"minecraft:used":{"minecraft:stone_sword":17,"minecraft:flint_and_steel":1,"minecraft:stone_pickaxe":4,"minecraft:baked_potato":6,"minecraft:wooden_pickaxe":13,"minecraft:shield":15,"minecraft:rotten_flesh":1,"minecraft:iron_chestplate":1,"minecraft:dirt":9,"minecraft:tnt":5,"minecraft:crafting_table":1,"minecraft:stone_axe":43,"minecraft:cobblestone":3,"minecraft:beef":2,"minecraft:egg":1,"minecraft:iron_leggings":1},"minecraft:crafted":{"minecraft:crafting_table":1,"minecraft:wooden_pickaxe":1,"minecraft:baked_potato":16,"minecraft:birch_planks":20,"minecraft:stone_axe":1,"minecraft:enchanted_book":1,"minecraft:air":0,"minecraft:stick":8,"minecraft:stone_pickaxe":1,"minecraft:stone_sword":1},"minecraft:mined":{"minecraft:white_bed":2,"minecraft:dark_oak_leaves":5,"minecraft:lever":1,"minecraft:grass_block":8,"minecraft:cobblestone":1,"minecraft:chiseled_stone_bricks":1,"minecraft:birch_log":5,"minecraft:birch_leaves":3,"minecraft:tnt":1,"minecraft:grass":6,"minecraft:bookshelf":21,"minecraft:vine":2,"minecraft:dirt":4,"minecraft:stone":14,"minecraft:chipped_anvil":1,"minecraft:tripwire":2,"minecraft:fern":1},"minecraft:custom":{"minecraft:interact_with_furnace":4,"minecraft:mob_kills":5,"minecraft:interact_with_anvil":1,"minecraft:traded_with_villager":1,"minecraft:interact_with_crafting_table":2,"minecraft:leave_game":2,"minecraft:time_since_death":20153,"minecraft:climb_one_cm":1749,"minecraft:time_since_rest":20153,"minecraft:sprint_one_cm":26138,"minecraft:damage_taken":365,"minecraft:walk_one_cm":59959,"minecraft:damage_blocked_by_shield":527,"minecraft:drop":3,"minecraft:damage_dealt":2417,"minecraft:talked_to_villager":9,"minecraft:fly_one_cm":53705,"minecraft:open_chest":17,"minecraft:crouch_one_cm":6687,"minecraft:play_time":20153,"minecraft:sneak_time":2471,"minecraft:jump":527,"minecraft:walk_on_water_one_cm":598,"minecraft:total_world_time":20153,"minecraft:fall_one_cm":13464,"minecraft:inspect_dispenser":2},"minecraft:killed":{"minecraft:spider":1,"minecraft:iron_golem":1,"minecraft:skeleton":1,"minecraft:zombie":1,"minecraft:cow":1},"minecraft:dropped":{"minecraft:enchanted_book":1,"minecraft:emerald":2}},"DataVersion":3465}