{"stats":{"minecraft:broken":{"minecraft:stone_axe":1},"minecraft:picked_up":{"minecraft:shelter_pottery_sherd":1,"minecraft:crafting_table":1,"minecraft:allium":1,"minecraft:oak_log":14,"minecraft:brick":3,"minecraft:string":6,"minecraft:bone":7,"minecraft:oak_sign":1,"minecraft:wheat_seeds":10,"minecraft:written_book":1,"minecraft:oak_planks":12,"minecraft:iron_sword":1,"minecraft:dark_oak_sapling":1,"minecraft:stick":2,"minecraft:raw_iron":3,"minecraft:dandelion":1,"minecraft:dark_oak_log":76,"minecraft:spider_eye":4,"minecraft:dark_oak_planks":13,"minecraft:brown_carpet":2,"minecraft:rotten_flesh":6,"minecraft:oak_sapling":5,"minecraft:mutton":4,"minecraft:coal":3,"minecraft:white_wool":3,"minecraft:cobblestone":49},"minecraft:killed":{"minecraft:witch":2,"minecraft:spider":3,"minecraft:skeleton":4,"minecraft:sheep":3,"minecraft:zombie":5},"minecraft:crafted":{"minecraft:oak_planks":48,"minecraft:wooden_pickaxe":1,"minecraft:stone_axe":2,"minecraft:dark_oak_door":3,"minecraft:stick":12,"minecraft:stone_pickaxe":1,"minecraft:stone_sword":1,"minecraft:white_bed":1,"minecraft:dark_oak_planks":304,"minecraft:torch":12},"minecraft:custom":{"minecraft:mob_kills":18,"minecraft:interact_with_crafting_table":10,"minecraft:leave_game":5,"minecraft:time_since_death":561,"minecraft:sleep_in_bed":3,"minecraft:climb_one_cm":3807,"minecraft:time_since_rest":146,"minecraft:sprint_one_cm":126933,"minecraft:damage_taken":9761,"minecraft:walk_one_cm":179711,"minecraft:drop":9,"minecraft:damage_dealt":5634,"minecraft:swim_one_cm":77930,"minecraft:fly_one_cm":379106,"minecraft:open_chest":3,"minecraft:crouch_one_cm":5929,"minecraft:play_time":187965,"minecraft:deaths":8,"minecraft:sneak_time":2067,"minecraft:walk_under_water_one_cm":738,"minecraft:jump":1626,"minecraft:walk_on_water_one_cm":928681,"minecraft:interact_with_smoker":2,"minecraft:total_world_time":187965,"minecraft:fall_one_cm":44566},"minecraft:dropped":{"minecraft:oak_log":1,"minecraft:rotten_flesh":2,"minecraft:recovery_compass":1,"minecraft:written_book":5},"minecraft:mined":{"minecraft:dark_oak_planks":14,"minecraft:dark_oak_leaves":1,"minecraft:dark_oak_log":71,"minecraft:dandelion":1,"minecraft:crafting_table":1,"minecraft:glow_lichen":1,"minecraft:allium":1,"minecraft:tall_grass":1,"minecraft:oak_planks":12,"minecraft:large_fern":8,"minecraft:iron_ore":3,"minecraft:sweet_berry_bush":8,"minecraft:grass":54,"minecraft:oak_log":11,"minecraft:coal_ore":3,"minecraft:stone":49,"minecraft:oak_leaves":5,"minecraft:fern":14},"minecraft:killed_by":{"minecraft:skeleton":1,"minecraft:witch":2},"minecraft:used":{"minecraft:water_bucket":1,"minecraft:netherite_sword":3,"minecraft:stone_sword":19,"minecraft:stone_pickaxe":4,"minecraft:oak_planks":12,"minecraft:oak_sign":2,"minecraft:wooden_pickaxe":51,"minecraft:iron_sword":33,"minecraft:torch":1,"minecraft:mutton":1,"minecraft:oak_slab":1,"minecraft:crafting_table":1,"minecraft:white_bed":1,"minecraft:allium":1,"minecraft:smoker":6,"minecraft:dark_oak_door":2,"minecraft:oak_log":16,"minecraft:dark_oak_planks":183,"minecraft:grass_block":14,"minecraft:stone_axe":130,"minecraft:diamond_sword":18,"minecraft:brown_carpet":2,"minecraft:oak_sapling":2,"minecraft:dandelion":1,"minecraft:dark_oak_sapling":1}},"DataVersion":3465}