{"stats":{"minecraft:broken":{"minecraft:iron_shovel":1},"minecraft:picked_up":{"minecraft:enchanting_table":3,"minecraft:crafting_table":2,"minecraft:allium":1,"minecraft:feather":1,"minecraft:chicken":1,"minecraft:anvil":1,"minecraft:leather":13,"minecraft:brown_wool":1,"minecraft:oak_log":94,"minecraft:gunpowder":8,"minecraft:dirt":272,"minecraft:string":22,"minecraft:red_bed":2,"minecraft:raw_copper":26,"minecraft:bone":5,"minecraft:wheat_seeds":18,"minecraft:grindstone":1,"minecraft:beef":29,"minecraft:glowstone_dust":2,"minecraft:sugar_cane":6,"minecraft:oak_planks":1,"minecraft:furnace":1,"minecraft:book":36,"minecraft:raw_iron":2,"minecraft:pumpkin":14,"minecraft:sweet_berries":14,"minecraft:torch":5,"minecraft:porkchop":5,"minecraft:blast_furnace":1,"minecraft:redstone":2,"minecraft:barrel":22,"minecraft:brown_carpet":2,"minecraft:pumpkin_seeds":4,"minecraft:sugar":2,"minecraft:rotten_flesh":14,"minecraft:mutton":6,"minecraft:white_wool":3,"minecraft:cobblestone":26},"minecraft:killed":{"minecraft:pig":3,"minecraft:witch":3,"minecraft:spider":1,"minecraft:creeper":1,"minecraft:sheep":4,"minecraft:skeleton":4,"minecraft:zombie":4,"minecraft:chicken":1,"minecraft:piglin_brute":6,"minecraft:cow":14},"minecraft:crafted":{"minecraft:oak_planks":288,"minecraft:crafting_table":3,"minecraft:wooden_pickaxe":1,"minecraft:iron_sword":1,"minecraft:stone_axe":2,"minecraft:bow":1,"minecraft:stick":20,"minecraft:stone_pickaxe":1,"minecraft:iron_shovel":1},"minecraft:custom":{"minecraft:interact_with_furnace":1,"minecraft:mob_kills":41,"minecraft:interact_with_crafting_table":10,"minecraft:open_barrel":16,"minecraft:eat_cake_slice":4,"minecraft:leave_game":1,"minecraft:time_since_death":0,"minecraft:climb_one_cm":2775,"minecraft:time_since_rest":1,"minecraft:sprint_one_cm":145686,"minecraft:damage_taken":5136,"minecraft:walk_one_cm":120250,"minecraft:damage_blocked_by_shield":357,"minecraft:drop":6,"minecraft:damage_dealt":8056,"minecraft:swim_one_cm":124495,"minecraft:fly_one_cm":270567,"minecraft:open_chest":6,"minecraft:crouch_one_cm":45606,"minecraft:deaths":4,"minecraft:play_time":40223,"minecraft:sneak_time":5342,"minecraft:walk_under_water_one_cm":1459,"minecraft:jump":1380,"minecraft:walk_on_water_one_cm":4036,"minecraft:enchant_item":4,"minecraft:total_world_time":40223,"minecraft:fall_one_cm":48903},"minecraft:mined":{"minecraft:red_bed":2,"minecraft:brown_carpet":1,"minecraft:jungle_leaves":1,"minecraft:crafting_table":2,"minecraft:allium":1,"minecraft:blast_furnace":1,"minecraft:grass_block":185,"minecraft:decorated_pot":1,"minecraft:copper_ore":8,"minecraft:tall_grass":37,"minecraft:sugar_cane":3,"minecraft:grindstone":1,"minecraft:oak_planks":1,"minecraft:wall_torch":1,"minecraft:spawner":1,"minecraft:large_fern":1,"minecraft:furnace":1,"minecraft:iron_ore":2,"minecraft:barrel":22,"minecraft:sweet_berry_bush":3,"minecraft:pumpkin":14,"minecraft:anvil":1,"minecraft:enchanting_table":3,"minecraft:grass":43,"minecraft:bookshelf":12,"minecraft:oak_log":88,"minecraft:dirt":77,"minecraft:cobweb":23,"minecraft:stone":26,"minecraft:oak_leaves":2},"minecraft:dropped":{"minecraft:iron_sword":1,"minecraft:stone_axe":1,"minecraft:brown_carpet":2,"minecraft:written_book":2},"minecraft:killed_by":{"minecraft:zombie":1,"minecraft:enderman":1},"minecraft:used":{"minecraft:enchanting_table":3,"minecraft:iron_shovel":262,"minecraft:stone_pickaxe":27,"minecraft:baked_potato":4,"minecraft:oak_planks":3,"minecraft:shield":7,"minecraft:wooden_pickaxe":26,"minecraft:iron_sword":229,"minecraft:rotten_flesh":6,"minecraft:torch":5,"minecraft:dirt":41,"minecraft:mutton":4,"minecraft:crafting_table":4,"minecraft:red_bed":1,"minecraft:apple":4,"minecraft:stone_axe":150,"minecraft:beef":2,"minecraft:porkchop":2}},"DataVersion":3465}