{"stats":{"minecraft:picked_up":{"minecraft:stick":1,"minecraft:oak_log":12,"minecraft:oak_sapling":3,"minecraft:dirt":1},"minecraft:custom":{"minecraft:jump":117,"minecraft:time_since_rest":12829,"minecraft:damage_taken":135,"minecraft:damage_dealt":120,"minecraft:play_time":12829,"minecraft:leave_game":8,"minecraft:sprint_one_cm":9027,"minecraft:time_since_death":12829,"minecraft:walk_one_cm":11477,"minecraft:total_world_time":12829,"minecraft:fall_one_cm":3029,"minecraft:fly_one_cm":9555},"minecraft:mined":{"minecraft:grass":2,"minecraft:oak_log":12,"minecraft:dirt":1}},"DataVersion":3465}